Wavelength_nm;Hydrogen (H);Mercury (Hg);Sodium (Na);Neon (Ne);Argon (Ar);Helium (He);Krypton (Kr);Xenon (Xe);Cadmium (Cd);Neon-Argon Mix;Fluorescent 2-band;Fluorescent 3-band;Fluorescent 4-band;LED Violet;LED Blue;LED Cyan;LED Green;LED Yellow;LED Amber;LED Orange;LED Red;LED White Warm;LED White Neutral;LED White Cool;Solar AM1.5G
300.0;0.0;0.0;0.0;0.0;0.0;0.0;0.0;0.0;0.0;0.0;0.0;0.0;0.0;0.0;0.0;0.0;0.0;0.0;0.0;0.0;0.0;1e-06;0.0;0.0;0.307419
300.5;0.0;0.0;0.0;0.0;0.0;0.0;0.0;0.0;0.0;0.0;0.0;0.0;0.0;0.0;0.0;0.0;0.0;0.0;0.0;0.0;0.0;1e-06;0.0;0.0;0.31684
301.0;0.0;0.0;0.0;0.0;0.0;0.0;0.0;0.0;0.0;0.0;0.0;0.0;0.0;0.0;0.0;0.0;0.0;0.0;0.0;0.0;0.0;1e-06;0.0;0.0;0.326345
301.5;0.0;0.0;0.0;0.0;0.0;0.0;0.0;0.0;0.0;0.0;0.0;0.0;0.0;0.0;0.0;0.0;0.0;0.0;0.0;0.0;0.0;1e-06;0.0;0.0;0.335935
302.0;0.0;0.0;0.0;0.0;0.0;0.0;0.0;0.0;0.0;0.0;0.0;0.0;0.0;0.0;0.0;0.0;0.0;0.0;0.0;0.0;0.0;1e-06;0.0;0.0;0.345608
302.5;0.0;0.0;0.0;0.0;0.0;0.0;0.0;0.0;0.0;0.0;0.0;0.0;0.0;0.0;0.0;0.0;0.0;0.0;0.0;0.0;0.0;1e-06;0.0;0.0;0.355364
303.0;0.0;0.0;0.0;0.0;0.0;0.0;0.0;0.0;0.0;0.0;0.0;0.0;0.0;0.0;0.0;0.0;0.0;0.0;0.0;0.0;0.0;1e-06;0.0;0.0;0.365205
303.5;0.0;0.0;0.0;0.0;0.0;0.0;0.0;0.0;0.0;0.0;0.0;0.0;0.0;0.0;0.0;0.0;0.0;0.0;0.0;0.0;0.0;1e-06;0.0;0.0;0.375129
304.0;0.0;0.0;0.0;0.0;0.0;0.0;0.0;0.0;0.0;0.0;0.0;0.0;0.0;0.0;0.0;0.0;0.0;0.0;0.0;0.0;0.0;1e-06;0.0;0.0;0.385136
304.5;0.0;0.0;0.0;0.0;0.0;0.0;0.0;0.0;0.0;0.0;0.0;0.0;0.0;0.0;0.0;0.0;0.0;0.0;0.0;0.0;0.0;1e-06;0.0;0.0;0.395226
305.0;0.0;0.0;0.0;0.0;0.0;0.0;0.0;0.0;0.0;0.0;0.0;0.0;0.0;0.0;0.0;0.0;0.0;0.0;0.0;0.0;0.0;1e-06;0.0;0.0;0.405399
305.5;0.0;0.0;0.0;0.0;0.0;0.0;0.0;0.0;0.0;0.0;0.0;0.0;0.0;0.0;0.0;0.0;0.0;0.0;0.0;0.0;0.0;1e-06;0.0;0.0;0.415655
306.0;0.0;0.0;0.0;0.0;0.0;0.0;0.0;0.0;0.0;0.0;0.0;0.0;0.0;0.0;0.0;0.0;0.0;0.0;0.0;0.0;0.0;1e-06;0.0;0.0;0.425994
306.5;0.0;0.0;0.0;0.0;0.0;0.0;0.0;0.0;0.0;0.0;0.0;0.0;0.0;0.0;0.0;0.0;0.0;0.0;0.0;0.0;0.0;2e-06;0.0;0.0;0.436416
307.0;0.0;0.0;0.0;0.0;0.0;0.0;0.0;0.0;0.0;0.0;0.0;0.0;0.0;0.0;0.0;0.0;0.0;0.0;0.0;0.0;0.0;2e-06;0.0;0.0;0.44692
307.5;0.0;0.0;0.0;0.0;0.0;0.0;0.0;0.0;0.0;0.0;0.0;0.0;0.0;0.0;0.0;0.0;0.0;0.0;0.0;0.0;0.0;2e-06;0.0;0.0;0.457506
308.0;0.0;0.0;0.0;0.0;0.0;0.0;0.0;0.0;0.0;0.0;0.0;0.0;0.0;0.0;0.0;0.0;0.0;0.0;0.0;0.0;0.0;2e-06;0.0;0.0;0.468174
308.5;0.0;0.0;0.0;0.0;0.0;0.0;0.0;0.0;0.0;0.0;0.0;0.0;0.0;0.0;0.0;0.0;0.0;0.0;0.0;0.0;0.0;2e-06;0.0;0.0;0.478924
309.0;0.0;0.0;0.0;0.0;0.0;0.0;0.0;0.0;0.0;0.0;0.0;0.0;0.0;0.0;0.0;0.0;0.0;0.0;0.0;0.0;0.0;2e-06;0.0;0.0;0.489756
309.5;0.0;0.0;0.0;0.0;0.0;0.0;0.0;0.0;0.0;0.0;0.0;0.0;0.0;0.0;0.0;0.0;0.0;0.0;0.0;0.0;0.0;2e-06;0.0;0.0;0.50067
310.0;0.0;0.0;0.0;0.0;0.0;0.0;0.0;0.0;0.0;0.0;0.0;0.0;0.0;0.0;0.0;0.0;0.0;0.0;0.0;0.0;0.0;2e-06;0.0;0.0;0.511664
310.5;0.0;0.0;0.0;0.0;0.0;0.0;0.0;0.0;0.0;0.0;0.0;0.0;0.0;0.0;0.0;0.0;0.0;0.0;0.0;0.0;0.0;2e-06;0.0;0.0;0.514171
311.0;0.0;0.0;0.0;0.0;0.0;0.0;0.0;0.0;0.0;0.0;0.0;0.0;0.0;0.0;0.0;0.0;0.0;0.0;0.0;0.0;0.0;2e-06;0.0;0.0;0.516675
311.5;0.0;0.0;0.0;0.0;0.0;0.0;0.0;0.0;0.0;0.0;0.0;0.0;0.0;0.0;0.0;0.0;0.0;0.0;0.0;0.0;0.0;3e-06;0.0;0.0;0.519176
312.0;0.0;0.0;0.0;0.0;0.0;0.0;0.0;0.0;0.0;0.0;0.0;0.0;0.0;0.0;0.0;0.0;0.0;0.0;0.0;0.0;0.0;3e-06;0.0;0.0;0.521675
312.5;0.0;0.0;0.0;0.0;0.0;0.0;0.0;0.0;0.0;0.0;0.0;0.0;0.0;0.0;0.0;0.0;0.0;0.0;0.0;0.0;0.0;3e-06;0.0;0.0;0.524171
313.0;0.0;0.0;0.0;0.0;0.0;0.0;0.0;0.0;0.0;0.0;0.0;0.0;0.0;0.0;0.0;0.0;0.0;0.0;0.0;0.0;0.0;3e-06;0.0;0.0;0.526664
313.5;0.0;0.0;0.0;0.0;0.0;0.0;0.0;0.0;0.0;0.0;0.0;0.0;0.0;0.0;0.0;0.0;0.0;0.0;0.0;0.0;0.0;3e-06;0.0;0.0;0.529154
314.0;0.0;0.0;0.0;0.0;0.0;0.0;0.0;0.0;0.0;0.0;0.0;0.0;0.0;0.0;0.0;0.0;0.0;0.0;0.0;0.0;0.0;3e-06;0.0;0.0;0.531642
314.5;0.0;0.0;0.0;0.0;0.0;0.0;0.0;0.0;0.0;0.0;0.0;0.0;0.0;0.0;0.0;0.0;0.0;0.0;0.0;0.0;0.0;3e-06;0.0;0.0;0.534126
315.0;0.0;0.0;0.0;0.0;0.0;0.0;0.0;0.0;0.0;0.0;0.0;0.0;0.0;0.0;0.0;0.0;0.0;0.0;0.0;0.0;0.0;4e-06;0.0;0.0;0.536607
315.5;0.0;0.0;0.0;0.0;0.0;0.0;0.0;0.0;0.0;0.0;0.0;0.0;0.0;0.0;0.0;0.0;0.0;0.0;0.0;0.0;0.0;4e-06;0.0;0.0;0.539086
316.0;0.0;0.0;0.0;0.0;0.0;0.0;0.0;0.0;0.0;0.0;0.0;0.0;0.0;0.0;0.0;0.0;0.0;0.0;0.0;0.0;0.0;4e-06;0.0;0.0;0.541561
316.5;0.0;0.0;0.0;0.0;0.0;0.0;0.0;0.0;0.0;0.0;0.0;0.0;0.0;0.0;0.0;0.0;0.0;0.0;0.0;0.0;0.0;4e-06;1e-06;0.0;0.544032
317.0;0.0;0.0;0.0;0.0;0.0;0.0;0.0;0.0;0.0;0.0;0.0;0.0;0.0;0.0;0.0;0.0;0.0;0.0;0.0;0.0;0.0;4e-06;1e-06;0.0;0.546501
317.5;0.0;0.0;0.0;0.0;0.0;0.0;0.0;0.0;0.0;0.0;0.0;0.0;0.0;0.0;0.0;0.0;0.0;0.0;0.0;0.0;0.0;5e-06;1e-06;0.0;0.548966
318.0;0.0;0.0;0.0;0.0;0.0;0.0;0.0;0.0;0.0;0.0;0.0;0.0;0.0;0.0;0.0;0.0;0.0;0.0;0.0;0.0;0.0;5e-06;1e-06;0.0;0.551427
318.5;0.0;0.0;0.0;0.0;0.0;0.0;0.0;0.0;0.0;0.0;0.0;0.0;0.0;0.0;0.0;0.0;0.0;0.0;0.0;0.0;0.0;5e-06;1e-06;0.0;0.553885
319.0;0.0;0.0;0.0;0.0;0.0;0.0;0.0;0.0;0.0;0.0;0.0;0.0;0.0;0.0;0.0;0.0;0.0;0.0;0.0;0.0;0.0;5e-06;1e-06;0.0;0.556339
319.5;0.0;0.0;0.0;0.0;0.0;0.0;0.0;0.0;0.0;0.0;0.0;0.0;0.0;0.0;0.0;0.0;0.0;0.0;0.0;0.0;0.0;6e-06;1e-06;0.0;0.55879
320.0;0.0;0.0;0.0;0.0;0.0;0.0;0.0;0.0;0.0;0.0;0.0;0.0;0.0;0.0;0.0;0.0;0.0;0.0;0.0;0.0;0.0;6e-06;1e-06;0.0;0.561237
320.5;0.0;0.0;0.0;0.0;0.0;0.0;0.0;0.0;0.0;0.0;0.0;0.0;0.0;0.0;0.0;0.0;0.0;0.0;0.0;0.0;0.0;6e-06;1e-06;0.0;0.56368
321.0;0.0;0.0;0.0;0.0;0.0;0.0;0.0;0.0;0.0;0.0;0.0;0.0;0.0;0.0;0.0;0.0;0.0;0.0;0.0;0.0;0.0;7e-06;1e-06;0.0;0.566119
321.5;0.0;0.0;0.0;0.0;0.0;0.0;0.0;0.0;0.0;0.0;0.0;0.0;0.0;0.0;0.0;0.0;0.0;0.0;0.0;0.0;0.0;7e-06;1e-06;0.0;0.568554
322.0;0.0;0.0;0.0;0.0;0.0;0.0;0.0;0.0;0.0;0.0;0.0;0.0;0.0;0.0;0.0;0.0;0.0;0.0;0.0;0.0;0.0;7e-06;1e-06;0.0;0.570985
322.5;0.0;0.0;0.0;0.0;0.0;0.0;0.0;0.0;0.0;0.0;0.0;0.0;0.0;0.0;0.0;0.0;0.0;0.0;0.0;0.0;0.0;8e-06;1e-06;0.0;0.573413
323.0;0.0;0.0;0.0;0.0;0.0;0.0;0.0;0.0;0.0;0.0;0.0;0.0;0.0;0.0;0.0;0.0;0.0;0.0;0.0;0.0;0.0;8e-06;1e-06;0.0;0.575836
323.5;0.0;0.0;0.0;0.0;0.0;0.0;0.0;0.0;0.0;0.0;0.0;0.0;0.0;0.0;0.0;0.0;0.0;0.0;0.0;0.0;0.0;8e-06;1e-06;0.0;0.578255
324.0;0.0;0.0;0.0;0.0;0.0;0.0;0.0;0.0;0.0;0.0;0.0;0.0;0.0;0.0;0.0;0.0;0.0;0.0;0.0;0.0;0.0;9e-06;1e-06;0.0;0.580669
324.5;0.0;0.0;0.0;0.0;0.0;0.0;0.0;0.0;0.0;0.0;0.0;0.0;0.0;0.0;0.0;0.0;0.0;0.0;0.0;0.0;0.0;9e-06;1e-06;0.0;0.58308
325.0;0.0;0.0;0.0;0.0;0.0;0.0;0.0;0.0;0.0;0.0;0.0;0.0;0.0;0.0;0.0;0.0;0.0;0.0;0.0;0.0;0.0;1e-05;1e-06;0.0;0.585486
325.5;0.0;0.0;0.0;0.0;0.0;0.0;0.0;0.0;0.0;0.0;0.0;0.0;0.0;0.0;0.0;0.0;0.0;0.0;0.0;0.0;0.0;1e-05;2e-06;0.0;0.587887
326.0;0.0;0.0;0.0;0.0;0.0;0.0;0.0;0.0;0.0;0.0;0.0;0.0;0.0;0.0;0.0;0.0;0.0;0.0;0.0;0.0;0.0;1.1e-05;2e-06;0.0;0.590285
326.5;0.0;0.0;0.0;0.0;0.0;0.0;0.0;0.0;0.0;0.0;0.0;0.0;0.0;0.0;0.0;0.0;0.0;0.0;0.0;0.0;0.0;1.1e-05;2e-06;0.0;0.592677
327.0;0.0;0.0;0.0;0.0;0.0;0.0;0.0;0.0;0.0;0.0;0.0;0.0;0.0;0.0;0.0;0.0;0.0;0.0;0.0;0.0;0.0;1.2e-05;2e-06;0.0;0.595065
327.5;0.0;0.0;0.0;0.0;0.0;0.0;0.0;0.0;0.0;0.0;0.0;0.0;0.0;0.0;0.0;0.0;0.0;0.0;0.0;0.0;0.0;1.2e-05;2e-06;0.0;0.597449
328.0;0.0;0.0;0.0;0.0;0.0;0.0;0.0;0.0;0.0;0.0;0.0;0.0;0.0;0.0;0.0;0.0;0.0;0.0;0.0;0.0;0.0;1.3e-05;2e-06;0.0;0.599827
328.5;0.0;0.0;0.0;0.0;0.0;0.0;0.0;0.0;0.0;0.0;0.0;0.0;0.0;0.0;0.0;0.0;0.0;0.0;0.0;0.0;0.0;1.3e-05;2e-06;0.0;0.602201
329.0;0.0;0.0;0.0;0.0;0.0;0.0;0.0;0.0;0.0;0.0;0.0;0.0;0.0;0.0;0.0;0.0;0.0;0.0;0.0;0.0;0.0;1.4e-05;2e-06;0.0;0.60457
329.5;0.0;0.0;0.0;0.0;0.0;0.0;0.0;0.0;0.0;0.0;0.0;0.0;0.0;0.0;0.0;0.0;0.0;0.0;0.0;0.0;0.0;1.5e-05;3e-06;0.0;0.606934
330.0;0.0;0.0;0.0;0.0;0.0;0.0;0.0;0.0;0.0;0.0;0.0;0.0;0.0;0.0;0.0;0.0;0.0;0.0;0.0;0.0;0.0;1.5e-05;3e-06;0.0;0.609294
330.5;0.0;0.0;0.0;0.0;0.0;0.0;0.0;0.0;0.0;0.0;0.0;0.0;0.0;0.0;0.0;0.0;0.0;0.0;0.0;0.0;0.0;1.6e-05;3e-06;0.0;0.611648
331.0;0.0;0.0;0.0;0.0;0.0;0.0;0.0;0.0;0.0;0.0;0.0;0.0;0.0;0.0;0.0;0.0;0.0;0.0;0.0;0.0;0.0;1.7e-05;3e-06;0.0;0.613997
331.5;0.0;0.0;0.0;0.0;0.0;0.0;0.0;0.0;0.0;0.0;0.0;0.0;0.0;0.0;0.0;0.0;0.0;0.0;0.0;0.0;0.0;1.8e-05;3e-06;0.0;0.616341
332.0;0.0;0.0;0.0;0.0;0.0;0.0;0.0;0.0;0.0;0.0;0.0;0.0;0.0;0.0;0.0;0.0;0.0;0.0;0.0;0.0;0.0;1.8e-05;3e-06;0.0;0.61868
332.5;0.0;0.0;0.0;0.0;0.0;0.0;0.0;0.0;0.0;0.0;0.0;0.0;0.0;0.0;0.0;0.0;0.0;0.0;0.0;0.0;0.0;1.9e-05;4e-06;0.0;0.621014
333.0;0.0;0.0;0.0;0.0;0.0;0.0;0.0;0.0;0.0;0.0;0.0;0.0;0.0;0.0;0.0;0.0;0.0;0.0;0.0;0.0;0.0;2e-05;4e-06;0.0;0.623343
333.5;0.0;0.0;0.0;0.0;0.0;0.0;0.0;0.0;0.0;0.0;0.0;0.0;0.0;0.0;0.0;0.0;0.0;0.0;0.0;0.0;0.0;2.1e-05;4e-06;0.0;0.625666
334.0;0.0;0.0;0.0;0.0;0.0;0.0;0.0;0.0;0.0;0.0;0.0;0.0;0.0;0.0;0.0;0.0;0.0;0.0;0.0;0.0;0.0;2.2e-05;4e-06;0.0;0.627984
334.5;0.0;0.0;0.0;0.0;0.0;0.0;0.0;0.0;0.0;0.0;0.0;0.0;0.0;0.0;0.0;0.0;0.0;0.0;0.0;0.0;0.0;2.3e-05;5e-06;0.0;0.630297
335.0;0.0;0.0;0.0;0.0;0.0;0.0;0.0;0.0;0.0;0.0;0.0;0.0;0.0;0.0;0.0;0.0;0.0;0.0;0.0;0.0;0.0;2.4e-05;5e-06;0.0;0.632604
335.5;0.0;0.0;0.0;0.0;0.0;0.0;0.0;0.0;0.0;0.0;0.0;0.0;0.0;0.0;0.0;0.0;0.0;0.0;0.0;0.0;0.0;2.5e-05;5e-06;0.0;0.634906
336.0;0.0;0.0;0.0;0.0;0.0;0.0;0.0;0.0;0.0;0.0;0.0;0.0;0.0;0.0;0.0;0.0;0.0;0.0;0.0;0.0;0.0;2.6e-05;5e-06;1e-06;0.637202
336.5;0.0;0.0;0.0;0.0;0.0;0.0;0.0;0.0;0.0;0.0;0.0;0.0;0.0;0.0;0.0;0.0;0.0;0.0;0.0;0.0;0.0;2.8e-05;6e-06;1e-06;0.639493
337.0;0.0;0.0;0.0;0.0;0.0;0.0;0.0;0.0;0.0;0.0;0.0;0.0;0.0;0.0;0.0;0.0;0.0;0.0;0.0;0.0;0.0;2.9e-05;6e-06;1e-06;0.641778
337.5;0.0;0.0;0.0;0.0;0.0;0.0;0.0;0.0;0.0;0.0;0.0;0.0;0.0;0.0;0.0;0.0;0.0;0.0;0.0;0.0;0.0;3e-05;7e-06;1e-06;0.644057
338.0;0.0;0.0;0.0;0.0;0.0;0.0;0.0;0.0;0.0;0.0;0.0;0.0;0.0;0.0;0.0;0.0;0.0;0.0;0.0;0.0;0.0;3.2e-05;7e-06;1e-06;0.646331
338.5;0.0;0.0;0.0;0.0;0.0;0.0;0.0;0.0;0.0;0.0;0.0;0.0;0.0;0.0;0.0;0.0;0.0;0.0;0.0;0.0;0.0;3.3e-05;7e-06;1e-06;0.648598
339.0;0.0;0.0;0.0;0.0;0.0;0.0;0.0;0.0;0.0;0.0;0.0;0.0;0.0;0.0;0.0;0.0;0.0;0.0;0.0;0.0;0.0;3.5e-05;8e-06;1e-06;0.65086
339.5;0.0;0.0;0.0;0.0;0.0;0.0;0.0;0.0;0.0;0.0;0.0;0.0;0.0;0.0;0.0;0.0;0.0;0.0;0.0;0.0;0.0;3.6e-05;8e-06;1e-06;0.653116
340.0;0.0;0.0;0.0;0.0;0.0;0.0;0.0;0.0;0.0;0.0;0.0;0.0;0.0;0.0;0.0;0.0;0.0;0.0;0.0;0.0;0.0;3.8e-05;9e-06;1e-06;0.655367
340.5;0.0;0.0;0.0;0.0;0.0;0.0;0.0;0.0;0.0;0.0;0.0;0.0;0.0;0.0;0.0;0.0;0.0;0.0;0.0;0.0;0.0;3.9e-05;9e-06;1e-06;0.657611
341.0;0.0;0.0;0.0;0.0;0.0;0.0;0.0;0.0;0.0;0.0;0.0;0.0;0.0;0.0;0.0;0.0;0.0;0.0;0.0;0.0;0.0;4.1e-05;1e-05;1e-06;0.659849
341.5;0.0;0.0;0.0;0.0;0.0;0.0;0.0;0.0;0.0;0.0;0.0;0.0;0.0;0.0;0.0;0.0;0.0;0.0;0.0;0.0;0.0;4.3e-05;1e-05;1e-06;0.662082
342.0;0.0;0.0;0.0;0.0;0.0;0.0;0.0;0.0;0.0;0.0;0.0;0.0;0.0;0.0;0.0;0.0;0.0;0.0;0.0;0.0;0.0;4.5e-05;1.1e-05;1e-06;0.664308
342.5;0.0;0.0;0.0;0.0;0.0;0.0;0.0;0.0;0.0;0.0;0.0;0.0;0.0;0.0;0.0;0.0;0.0;0.0;0.0;0.0;0.0;4.7e-05;1.2e-05;1e-06;0.666528
343.0;0.0;0.0;0.0;0.0;0.0;0.0;0.0;0.0;0.0;0.0;0.0;0.0;0.0;0.0;0.0;0.0;0.0;0.0;0.0;0.0;0.0;4.9e-05;1.2e-05;1e-06;0.668742
343.5;0.0;0.0;0.0;0.0;0.0;0.0;0.0;0.0;0.0;0.0;0.0;0.0;0.0;0.0;0.0;0.0;0.0;0.0;0.0;0.0;0.0;5.1e-05;1.3e-05;2e-06;0.67095
344.0;0.0;0.0;0.0;0.0;0.0;0.0;0.0;0.0;0.0;0.0;0.0;0.0;0.0;0.0;0.0;0.0;0.0;0.0;0.0;0.0;0.0;5.4e-05;1.4e-05;2e-06;0.673151
344.5;0.0;0.0;0.0;0.0;0.0;0.0;0.0;0.0;0.0;0.0;0.0;0.0;0.0;0.0;0.0;0.0;0.0;0.0;0.0;0.0;0.0;5.6e-05;1.4e-05;2e-06;0.675347
345.0;0.0;0.0;0.0;0.0;0.0;0.0;0.0;0.0;0.0;0.0;0.0;0.0;0.0;0.0;0.0;0.0;0.0;0.0;0.0;0.0;0.0;5.8e-05;1.5e-05;2e-06;0.677536
345.5;0.0;0.0;0.0;0.0;0.0;0.0;0.0;0.0;0.0;0.0;0.0;0.0;0.0;0.0;0.0;0.0;0.0;0.0;0.0;0.0;0.0;6.1e-05;1.6e-05;2e-06;0.679718
346.0;0.0;0.0;0.0;0.0;0.0;0.0;0.0;0.0;0.001816;0.0;0.0;0.0;0.0;0.0;0.0;0.0;0.0;0.0;0.0;0.0;0.0;6.4e-05;1.7e-05;2e-06;0.681895
346.5;0.0;0.0;0.0;0.0;0.0;0.0;0.0;0.0;0.088104;0.0;0.0;0.0;0.0;0.0;0.0;0.0;0.0;0.0;0.0;0.0;0.0;6.7e-05;1.8e-05;2e-06;0.684064
347.0;0.0;0.0;0.0;0.0;0.0;0.0;0.0;0.0;0.016693;0.0;0.0;0.0;0.0;0.0;0.0;0.0;0.0;0.0;0.0;0.0;0.0;6.9e-05;1.9e-05;3e-06;0.686228
347.5;0.0;0.0;0.0;0.0;0.0;0.0;0.0;0.0;1.2e-05;0.0;0.0;0.0;0.0;0.0;0.0;0.0;0.0;0.0;0.0;0.0;0.0;7.2e-05;2e-05;3e-06;0.688385
348.0;0.0;0.0;0.0;0.0;0.0;0.0;0.0;0.0;0.0;0.0;0.0;0.0;0.0;0.0;0.0;0.0;0.0;0.0;0.0;0.0;0.0;7.6e-05;2.1e-05;3e-06;0.690535
348.5;0.0;0.0;0.0;0.0;0.0;0.0;0.0;0.0;0.0;0.0;0.0;0.0;0.0;0.0;0.0;0.0;0.0;0.0;0.0;0.0;0.0;7.9e-05;2.2e-05;3e-06;0.692679
349.0;0.0;0.0;0.0;0.0;0.0;0.0;0.0;0.0;0.0;0.0;0.0;0.0;0.0;0.0;0.0;0.0;0.0;0.0;0.0;0.0;0.0;8.2e-05;2.4e-05;3e-06;0.694816
349.5;0.0;0.0;0.0;0.0;0.0;0.0;0.0;0.0;0.0;0.0;0.0;0.0;0.0;0.0;0.0;0.0;0.0;0.0;0.0;0.0;0.0;8.6e-05;2.5e-05;4e-06;0.696947
350.0;0.0;0.0;0.0;0.0;0.0;0.0;0.0;0.0;0.0;0.0;0.0;0.0;0.0;0.0;0.0;0.0;0.0;0.0;0.0;0.0;0.0;9e-05;2.6e-05;4e-06;0.699071
350.5;0.0;0.0;0.0;0.0;0.0;0.0;0.0;0.0;0.0;0.0;0.0;0.0;0.0;0.0;0.0;0.0;0.0;0.0;0.0;0.0;0.0;9.4e-05;2.8e-05;4e-06;0.701188
351.0;0.0;0.0;0.0;0.0;0.0;0.0;0.0;0.0;0.0;0.0;0.0;0.0;0.0;0.0;0.0;0.0;0.0;0.0;0.0;0.0;0.0;9.8e-05;2.9e-05;5e-06;0.703298
351.5;0.0;0.0;0.0;0.0;0.0;0.0;0.0;0.0;0.0;0.0;0.0;0.0;0.0;0.0;0.0;0.0;0.0;0.0;0.0;0.0;0.0;0.000102;3.1e-05;5e-06;0.705402
352.0;0.0;0.0;0.0;0.0;0.0;0.0;0.0;0.0;0.0;0.0;0.0;0.0;0.0;0.0;0.0;0.0;0.0;0.0;0.0;0.0;0.0;0.000106;3.3e-05;5e-06;0.707499
352.5;0.0;0.0;0.0;0.0;0.0;0.0;0.0;0.0;0.0;0.0;0.0;0.0;0.0;0.0;0.0;0.0;0.0;0.0;0.0;0.0;0.0;0.000111;3.5e-05;6e-06;0.709589
353.0;0.0;0.0;0.0;0.0;0.0;0.0;0.0;0.0;0.0;0.0;0.0;0.0;0.0;0.0;0.0;0.0;0.0;0.0;0.0;0.0;0.0;0.000115;3.6e-05;6e-06;0.711672
353.5;0.0;0.0;0.0;0.0;0.0;0.0;0.0;0.0;0.0;0.0;0.0;0.0;0.0;0.0;0.0;0.0;0.0;0.0;0.0;0.0;0.0;0.00012;3.8e-05;6e-06;0.713748
354.0;0.0;0.0;0.0;0.0;0.0;0.0;0.0;0.0;0.0;0.0;0.0;0.0;0.0;0.0;0.0;0.0;0.0;0.0;0.0;0.0;0.0;0.000126;4e-05;7e-06;0.715818
354.5;0.0;0.0;0.0;0.0;0.0;0.0;0.0;0.0;0.0;0.0;0.0;0.0;0.0;0.0;0.0;0.0;0.0;0.0;0.0;0.0;0.0;0.000131;4.3e-05;7e-06;0.71788
355.0;0.0;0.0;0.0;0.0;0.0;0.0;0.0;0.0;0.0;0.0;0.0;0.0;0.0;0.0;0.0;0.0;0.0;0.0;0.0;0.0;0.0;0.000136;4.5e-05;8e-06;0.719936
355.5;0.0;0.0;0.0;0.0;0.0;0.0;0.0;0.0;0.0;0.0;0.0;0.0;0.0;0.0;0.0;0.0;0.0;0.0;0.0;0.0;0.0;0.000142;4.7e-05;8e-06;0.721984
356.0;0.0;0.0;0.0;0.0;0.0;0.0;0.0;0.0;0.0;0.0;0.0;0.0;0.0;0.0;0.0;0.0;0.0;0.0;0.0;0.0;0.0;0.000148;5e-05;9e-06;0.724026
356.5;0.0;0.0;0.0;0.0;0.0;0.0;0.0;0.0;0.0;0.0;0.0;0.0;0.0;0.0;0.0;0.0;0.0;0.0;0.0;0.0;0.0;0.000154;5.3e-05;1e-05;0.72606
357.0;0.0;0.0;0.0;0.0;0.0;0.0;0.0;0.0;0.0;0.0;0.0;0.0;0.0;0.0;0.0;0.0;0.0;0.0;0.0;0.0;0.0;0.000161;5.5e-05;1e-05;0.728087
357.5;0.0;0.0;0.0;0.0;0.0;0.0;0.0;0.0;0.0;0.0;0.0;0.0;0.0;0.0;0.0;0.0;0.0;0.0;0.0;0.0;0.0;0.000168;5.8e-05;1.1e-05;0.730107
358.0;0.0;0.0;0.0;0.0;0.0;0.0;0.0;0.0;0.0;0.0;0.0;0.0;0.0;0.0;0.0;0.0;0.0;0.0;0.0;0.0;0.0;0.000175;6.2e-05;1.2e-05;0.73212
358.5;0.0;0.0;0.0;0.0;0.0;0.0;0.0;0.0;0.0;0.0;0.0;0.0;0.0;0.0;0.0;0.0;0.0;0.0;0.0;0.0;0.0;0.000182;6.5e-05;1.3e-05;0.734126
359.0;0.0;0.0;0.0;0.0;0.0;0.0;0.0;0.0;0.0;0.0;0.0;0.0;0.0;0.0;0.0;0.0;0.0;0.0;0.0;0.0;0.0;0.000189;6.8e-05;1.3e-05;0.736125
359.5;0.0;0.0;0.0;0.0;0.0;0.0;0.0;0.0;0.0;0.0;0.0;0.0;0.0;0.0;0.0;0.0;0.0;0.0;0.0;0.0;0.0;0.000197;7.2e-05;1.4e-05;0.738116
360.0;0.0;0.0;0.0;0.0;0.0;0.0;0.0;0.0;0.0;0.0;0.0;0.0;0.0;0.0;0.0;0.0;0.0;0.0;0.0;0.0;0.0;0.000205;7.6e-05;1.5e-05;0.7401
360.5;0.0;0.0;0.0;0.0;0.0;0.0;0.0;0.0;0.002361;0.0;0.0;0.0;0.0;0.0;0.0;0.0;0.0;0.0;0.0;0.0;0.0;0.000214;8e-05;1.6e-05;0.742077
361.0;0.0;0.0;0.0;0.0;0.0;0.0;0.0;0.0;0.114536;0.0;0.0;0.0;0.0;0.0;0.0;0.0;0.0;0.0;0.0;0.0;0.0;0.000223;8.4e-05;1.7e-05;0.744047
361.5;0.0;0.0;0.0;0.0;0.0;0.0;0.0;0.0;0.0217;0.0;0.0;0.0;0.0;0.0;0.0;0.0;0.0;0.0;0.0;0.0;0.0;0.000232;8.8e-05;1.9e-05;0.746009
362.0;0.0;0.0;0.0;0.0;0.0;0.0;0.0;0.0;1.6e-05;0.0;0.0;0.0;0.0;0.0;0.0;0.0;0.0;0.0;0.0;0.0;0.0;0.000241;9.3e-05;2e-05;0.747964
362.5;0.0;0.0;0.0;0.0;0.0;0.0;0.0;0.0;0.0;0.0;0.0;0.0;0.0;0.0;0.0;0.0;0.0;0.0;0.0;0.0;0.0;0.000251;9.8e-05;2.1e-05;0.749911
363.0;0.0;0.0;0.0;0.0;0.0;0.0;0.0;0.0;0.0;0.0;0.0;0.0;0.0;0.0;0.0;0.0;0.0;0.0;0.0;0.0;0.0;0.000261;0.000103;2.2e-05;0.751852
363.5;0.0;0.0;0.0;0.0;0.0;0.0;0.0;0.0;0.0;0.0;0.0;0.0;0.0;0.0;0.0;0.0;0.0;0.0;0.0;0.0;0.0;0.000272;0.000108;2.4e-05;0.753784
364.0;0.0;3e-06;0.0;0.0;0.0;0.0;0.0;0.0;0.0;0.0;2e-06;2e-06;2e-06;0.0;0.0;0.0;0.0;0.0;0.0;0.0;0.0;0.000283;0.000114;2.6e-05;0.75571
364.5;0.0;0.01415;0.0;0.0;0.0;0.0;0.0;0.0;0.0;0.0;0.01;0.00625;0.006875;0.0;0.0;0.0;0.0;0.0;0.0;0.0;0.0;0.000294;0.000119;2.7e-05;0.757628
365.0;0.0;0.226407;0.0;0.0;0.0;0.0;0.0;0.0;0.0;0.0;0.16;0.1;0.11;0.0;0.0;0.0;0.0;0.0;0.0;0.0;0.0;0.000306;0.000126;2.9e-05;0.759538
365.5;0.0;0.01415;0.0;0.0;0.0;0.0;0.0;0.0;0.0;0.0;0.01;0.00625;0.006875;0.0;0.0;0.0;0.0;0.0;0.0;0.0;0.0;0.000318;0.000132;3.1e-05;0.761441
366.0;0.0;3e-06;0.0;0.0;0.0;0.0;0.0;0.0;0.0;0.0;2e-06;2e-06;2e-06;0.0;0.0;0.0;0.0;0.0;0.0;0.0;0.0;0.000331;0.000139;3.3e-05;0.763336
366.5;0.0;0.0;0.0;0.0;0.0;0.0;0.0;0.0;0.0;0.0;0.0;0.0;0.0;0.0;0.0;0.0;0.0;0.0;0.0;0.0;0.0;0.000344;0.000146;3.5e-05;0.765224
367.0;0.0;0.0;0.0;0.0;0.0;0.0;0.0;0.0;0.0;0.0;0.0;0.0;0.0;0.0;0.0;0.0;0.0;0.0;0.0;0.0;0.0;0.000358;0.000153;3.7e-05;0.767105
367.5;0.0;0.0;0.0;0.0;0.0;0.0;0.0;0.0;0.0;0.0;0.0;0.0;0.0;0.0;0.0;0.0;0.0;0.0;0.0;0.0;0.0;0.000372;0.000161;4e-05;0.768977
368.0;0.0;0.0;0.0;0.0;0.0;0.0;0.0;0.0;0.0;0.0;0.0;0.0;0.0;0.0;0.0;0.0;0.0;0.0;0.0;0.0;0.0;0.000387;0.000169;4.2e-05;0.770842
368.5;0.0;0.0;0.0;0.0;0.0;0.0;0.0;0.0;0.0;0.0;0.0;0.0;0.0;0.0;0.0;0.0;0.0;0.0;0.0;0.0;0.0;0.000403;0.000177;4.5e-05;0.7727
369.0;0.0;0.0;0.0;0.0;0.0;0.0;0.0;0.0;0.0;0.0;0.0;0.0;0.0;0.0;0.0;0.0;0.0;0.0;0.0;0.0;0.0;0.000418;0.000186;4.8e-05;0.77455
369.5;0.0;0.0;0.0;0.0;0.0;0.0;0.0;0.0;0.0;0.0;0.0;0.0;0.0;0.0;0.0;0.0;0.0;0.0;0.0;0.0;0.0;0.000435;0.000196;5.1e-05;0.776392
370.0;0.0;0.0;0.0;0.0;0.0;0.0;0.0;0.0;0.0;0.0;0.0;0.0;0.0;0.0;0.0;0.0;0.0;0.0;0.0;0.0;0.0;0.000452;0.000205;5.4e-05;0.778227
370.5;0.0;0.0;0.0;0.0;0.0;0.0;0.0;0.0;0.0;0.0;0.0;0.0;0.0;0.0;0.0;0.0;0.0;0.0;0.0;0.0;0.0;0.00047;0.000215;5.8e-05;0.780054
371.0;0.0;0.0;0.0;0.0;0.0;0.0;0.0;0.0;0.0;0.0;0.0;0.0;0.0;0.0;0.0;0.0;0.0;0.0;0.0;0.0;0.0;0.000488;0.000226;6.1e-05;0.781873
371.5;0.0;0.0;0.0;0.0;0.0;0.0;0.0;0.0;0.0;0.0;0.0;0.0;0.0;0.0;0.0;0.0;0.0;0.0;0.0;0.0;0.0;0.000507;0.000237;6.5e-05;0.783685
372.0;0.0;0.0;0.0;0.0;0.0;0.0;0.0;0.0;0.0;0.0;0.0;0.0;0.0;0.0;0.0;0.0;0.0;0.0;0.0;0.0;0.0;0.000527;0.000249;6.9e-05;0.785489
372.5;0.0;0.0;0.0;0.0;0.0;0.0;0.0;0.0;0.0;0.0;0.0;0.0;0.0;0.0;0.0;0.0;0.0;0.0;0.0;0.0;0.0;0.000547;0.000261;7.3e-05;0.787285
373.0;0.0;0.0;0.0;0.0;0.0;0.0;0.0;0.0;0.0;0.0;0.0;0.0;0.0;1e-06;0.0;0.0;0.0;0.0;0.0;0.0;0.0;0.000569;0.000274;7.8e-05;0.789073
373.5;0.0;0.0;0.0;0.0;0.0;0.0;0.0;0.0;0.0;0.0;0.0;0.0;0.0;1e-06;0.0;0.0;0.0;0.0;0.0;0.0;0.0;0.000591;0.000287;8.3e-05;0.790854
374.0;0.0;0.0;0.0;0.0;0.0;0.0;0.0;0.0;0.0;0.0;0.0;0.0;0.0;1e-06;0.0;0.0;0.0;0.0;0.0;0.0;0.0;0.000613;0.000301;8.8e-05;0.792627
374.5;0.0;0.0;0.0;0.0;0.0;0.0;0.0;0.0;0.0;0.0;0.0;0.0;0.0;2e-06;0.0;0.0;0.0;0.0;0.0;0.0;0.0;0.000637;0.000316;9.3e-05;0.794392
375.0;0.0;0.0;0.0;0.0;0.0;0.0;0.0;0.0;0.0;0.0;0.0;0.0;0.0;3e-06;0.0;0.0;0.0;0.0;0.0;0.0;0.0;0.000661;0.000331;9.9e-05;0.796149
375.5;0.0;0.0;0.0;0.0;0.0;0.0;0.0;0.0;0.0;0.0;0.0;0.0;0.0;5e-06;0.0;0.0;0.0;0.0;0.0;0.0;0.0;0.000687;0.000347;0.000105;0.797899
376.0;0.0;0.0;0.0;0.0;0.0;0.0;0.0;0.0;0.0;0.0;0.0;0.0;0.0;7e-06;0.0;0.0;0.0;0.0;0.0;0.0;0.0;0.000713;0.000364;0.000112;0.79964
376.5;0.0;0.0;0.0;0.0;0.0;0.0;0.0;0.0;0.0;0.0;0.0;0.0;0.0;1e-05;0.0;0.0;0.0;0.0;0.0;0.0;0.0;0.00074;0.000381;0.000118;0.801374
377.0;0.0;0.0;0.0;0.0;0.0;0.0;0.0;0.0;0.0;0.0;0.0;0.0;0.0;1.5e-05;0.0;0.0;0.0;0.0;0.0;0.0;0.0;0.000768;0.000399;0.000126;0.8031
377.5;0.0;0.0;0.0;0.0;0.0;0.0;0.0;0.0;0.0;0.0;0.0;0.0;0.0;2.3e-05;0.0;0.0;0.0;0.0;0.0;0.0;0.0;0.000797;0.000418;0.000133;0.804818
378.0;0.0;0.0;0.0;0.0;0.0;0.0;0.0;0.0;0.0;0.0;0.0;0.0;0.0;3.3e-05;0.0;0.0;0.0;0.0;0.0;0.0;0.0;0.000827;0.000438;0.000141;0.806529
378.5;0.0;0.0;0.0;0.0;0.0;0.0;0.0;0.0;0.0;0.0;0.0;0.0;0.0;4.9e-05;0.0;0.0;0.0;0.0;0.0;0.0;0.0;0.000858;0.000459;0.00015;0.808231
379.0;0.0;0.0;0.0;0.0;0.0;0.0;0.0;0.0;0.0;0.0;0.0;0.0;0.0;7e-05;0.0;0.0;0.0;0.0;0.0;0.0;0.0;0.00089;0.000481;0.000158;0.809925
379.5;0.0;0.0;0.0;0.0;0.0;0.0;0.0;0.0;0.0;0.0;0.0;0.0;0.0;0.000101;0.0;0.0;0.0;0.0;0.0;0.0;0.0;0.000923;0.000503;0.000168;0.811612
380.0;0.0;0.0;0.0;0.0;0.0;0.0;0.0;0.0;0.0;0.0;0.0;0.0;0.0;0.000145;0.0;0.0;0.0;0.0;0.0;0.0;0.0;0.000958;0.000527;0.000178;0.813291
380.5;0.0;0.0;0.0;0.0;0.0;0.0;0.0;0.0;0.0;0.0;0.0;0.0;0.0;0.000205;0.0;0.0;0.0;0.0;0.0;0.0;0.0;0.000994;0.000552;0.000188;0.814962
381.0;0.0;0.0;0.0;0.0;0.0;0.0;0.0;0.0;0.0;0.0;0.0;0.0;0.0;0.000289;0.0;0.0;0.0;0.0;0.0;0.0;0.0;0.00103;0.000577;0.0002;0.816624
381.5;0.0;0.0;0.0;0.0;0.0;0.0;0.0;0.0;0.0;0.0;0.0;0.0;0.0;0.000405;0.0;0.0;0.0;0.0;0.0;0.0;0.0;0.001069;0.000604;0.000211;0.818279
382.0;0.0;0.0;0.0;0.0;0.0;0.0;0.0;0.0;0.0;0.0;0.0;0.0;0.0;0.000562;0.0;0.0;0.0;0.0;0.0;0.0;0.0;0.001108;0.000632;0.000224;0.819926
382.5;0.0;0.0;0.0;0.0;0.0;0.0;0.0;0.0;0.0;0.0;0.0;0.0;0.0;0.000776;0.0;0.0;0.0;0.0;0.0;0.0;0.0;0.001149;0.000661;0.000237;0.821565
383.0;0.0;0.0;0.0;0.0;0.0;0.0;0.0;0.0;0.0;0.0;0.0;0.0;1e-06;0.001063;0.0;0.0;0.0;0.0;0.0;0.0;0.0;0.001191;0.000692;0.00025;0.823197
383.5;0.0;0.0;0.0;0.0;0.0;0.0;0.0;0.0;0.0;0.0;0.0;0.0;1e-06;0.001446;0.0;0.0;0.0;0.0;0.0;0.0;0.0;0.001235;0.000723;0.000265;0.82482
384.0;0.0;0.0;0.0;0.0;0.0;0.0;0.0;0.0;0.0;0.0;0.0;0.0;2e-06;0.001953;0.0;0.0;0.0;0.0;0.0;0.0;0.0;0.00128;0.000756;0.00028;0.826435
384.5;0.0;0.0;0.0;0.0;0.0;0.0;0.0;0.0;0.0;0.0;0.0;0.0;4e-06;0.002619;0.0;0.0;0.0;0.0;0.0;0.0;0.0;0.001326;0.000791;0.000296;0.828042
385.0;0.0;0.0;0.0;0.0;0.0;0.0;0.0;0.0;0.0;0.0;0.0;0.0;7e-06;0.003488;0.0;0.0;0.0;0.0;0.0;0.0;0.0;0.001374;0.000827;0.000313;0.829641
385.5;0.0;0.0;0.0;0.0;0.0;0.0;0.0;0.0;0.0;0.0;0.0;0.0;1.1e-05;0.004613;0.0;0.0;0.0;0.0;0.0;0.0;0.0;0.001424;0.000864;0.000331;0.831233
386.0;0.0;0.0;0.0;0.0;0.0;0.0;0.0;0.0;0.0;0.0;0.0;0.0;1.9e-05;0.006056;0.0;0.0;0.0;0.0;0.0;0.0;0.0;0.001476;0.000903;0.00035;0.832816
386.5;0.0;0.0;0.0;0.0;0.0;0.0;0.0;0.0;0.0;0.0;0.0;0.0;3.3e-05;0.007896;0.0;0.0;0.0;0.0;0.0;0.0;0.0;0.001529;0.000944;0.00037;0.834391
387.0;0.0;0.0;0.0;0.0;0.0;0.0;0.0;0.0;0.0;0.0;0.0;0.0;5.4e-05;0.010222;0.0;0.0;0.0;0.0;0.0;0.0;0.0;0.001584;0.000986;0.000391;0.835959
387.5;0.0;0.0;0.0;0.0;0.0;0.0;0.0;0.0;0.0;0.0;0.0;0.0;8.8e-05;0.013139;0.0;0.0;0.0;0.0;0.0;0.0;0.0;0.00164;0.00103;0.000413;0.837518
388.0;0.0;0.0;0.0;0.0;0.0;2.1e-05;0.0;0.0;0.0;0.0;0.0;0.0;0.000142;0.01677;0.0;0.0;0.0;0.0;0.0;0.0;0.0;0.001699;0.001076;0.000436;0.839069
388.5;0.0;0.0;0.0;0.0;0.0;0.028378;0.0;0.0;0.0;0.0;0.0;0.0;0.000227;0.021254;0.0;0.0;0.0;0.0;0.0;0.0;0.0;0.001759;0.001124;0.00046;0.840612
389.0;0.0;0.0;0.0;0.0;0.0;0.149777;0.0;0.0;0.0;0.0;0.0;0.0;0.000356;0.026747;0.0;0.0;0.0;0.0;0.0;0.0;0.0;0.001822;0.001174;0.000486;0.842148
389.5;0.0;0.0;0.0;0.0;0.0;0.003088;0.0;0.0;0.0;0.0;0.0;0.0;0.00055;0.033422;0.0;0.0;0.0;0.0;0.0;0.0;0.0;0.001887;0.001226;0.000513;0.843675
390.0;0.0;0.0;0.0;0.0;0.0;0.0;0.0;0.0;0.0;0.0;0.0;0.0;0.00084;0.041469;0.0;0.0;0.0;0.0;0.0;0.0;0.0;0.001953;0.00128;0.000541;0.845194
390.5;0.0;0.0;0.0;0.0;0.0;0.0;0.0;0.0;0.0;0.0;0.0;0.0;0.001264;0.05109;0.0;0.0;0.0;0.0;0.0;0.0;0.0;0.002022;0.001336;0.000571;0.846705
391.0;0.0;0.0;0.0;0.0;0.0;0.0;0.0;0.0;0.0;0.0;0.0;0.0;0.001877;0.0625;0.0;0.0;0.0;0.0;0.0;0.0;0.0;0.002093;0.001394;0.000603;0.848209
391.5;0.0;0.0;0.0;0.0;0.0;0.0;0.0;0.0;0.0;0.0;0.0;0.0;0.002748;0.075919;0.0;0.0;0.0;0.0;0.0;0.0;0.0;0.002166;0.001455;0.000635;0.849704
392.0;0.0;0.0;0.0;0.0;0.0;0.0;0.0;0.0;0.0;0.0;0.0;0.0;0.003967;0.09157;0.0;0.0;0.0;0.0;0.0;0.0;0.0;0.002242;0.001518;0.00067;0.851191
392.5;0.0;0.0;0.0;0.0;0.0;0.0;0.0;0.0;0.0;0.0;0.0;0.0;0.00565;0.109669;0.0;0.0;0.0;0.0;0.0;0.0;0.0;0.00232;0.001584;0.000706;0.851504
393.0;0.0;0.0;0.0;0.0;0.0;0.0;0.0;0.0;0.0;0.0;0.0;0.0;0.007935;0.130419;0.0;0.0;0.0;0.0;0.0;0.0;0.0;0.0024;0.001652;0.000745;0.679775
393.5;0.0;0.0;0.0;0.0;0.0;0.0;0.0;0.0;0.0;0.0;0.0;0.0;0.010991;0.154002;0.0;0.0;0.0;0.0;0.0;0.0;0.0;0.002484;0.001723;0.000785;0.301077
394.0;0.0;0.0;0.0;0.0;0.0;0.0;0.0;0.0;0.0;0.0;0.0;0.0;0.015014;0.180568;0.0;0.0;0.0;0.0;0.0;0.0;0.0;0.002569;0.001797;0.000827;0.819563
394.5;0.0;0.0;0.0;0.0;0.0;0.0;0.0;0.0;0.0;0.0;0.0;0.0;0.020227;0.210224;0.0;0.0;0.0;0.0;0.0;0.0;0.0;0.002658;0.001873;0.000871;0.858452
395.0;0.0;0.0;0.0;0.0;0.0;0.0;0.0;0.0;0.0;0.0;0.0;0.0;0.026875;0.243026;0.0;0.0;0.0;0.0;0.0;0.0;0.0;0.002749;0.001953;0.000918;0.859945
395.5;0.0;0.0;0.0;0.0;0.0;2e-06;0.0;0.0;0.0;0.0;0.0;0.0;0.035217;0.278966;0.0;0.0;0.0;0.0;0.0;0.0;0.0;0.002843;0.002036;0.000966;0.861376
396.0;0.0;0.0;0.0;0.0;0.0;0.006152;0.0;0.0;0.0;0.0;0.0;0.0;0.045513;0.317965;0.0;0.0;0.0;0.0;0.0;0.0;0.0;0.00294;0.002122;0.001017;0.862335
396.5;0.0;0.0;0.0;0.0;0.0;0.098438;0.0;0.0;0.0;0.0;0.0;0.0;0.058009;0.359861;0.0;0.0;0.0;0.0;0.0;0.0;0.0;0.00304;0.002211;0.001071;0.657175
397.0;0.0;0.0;0.0;0.0;0.0;0.006152;0.0;0.0;0.0;0.0;0.0;0.0;0.072917;0.404406;0.0;0.0;0.0;0.0;0.0;0.0;0.0;0.003143;0.002304;0.001127;0.504559
397.5;0.0;0.0;0.0;0.0;0.0;2e-06;0.0;0.0;0.0;0.0;0.0;0.0;0.090396;0.451263;0.0;0.0;0.0;0.0;0.0;0.0;0.0;0.00325;0.0024;0.001186;0.86456
398.0;0.0;0.0;0.0;0.0;0.0;0.0;0.0;0.0;0.0;0.0;0.0;0.0;0.110522;0.5;0.0;0.0;0.0;0.0;0.0;0.0;0.0;0.003359;0.002501;0.001248;0.868411
398.5;0.0;0.0;0.0;0.0;0.0;0.0;0.0;0.0;0.0;0.0;0.0;0.0;0.133269;0.550096;0.0;0.0;0.0;0.0;0.0;0.0;0.0;0.003472;0.002604;0.001313;0.869793
399.0;0.0;0.0;0.0;0.0;0.0;0.0;0.0;0.0;0.0;0.0;0.0;0.0;0.158484;0.600946;0.0;0.0;0.0;0.0;0.0;0.0;0.0;0.003589;0.002712;0.00138;0.871168
399.5;0.0;0.0;0.0;0.0;0.0;0.0;0.0;0.0;0.0;0.0;0.0;0.0;0.185876;0.651869;0.0;0.0;0.0;0.0;0.0;0.0;0.0;0.003709;0.002824;0.001451;0.872535
400.0;0.0;0.0;0.0;0.0;0.0;0.0;0.0;0.0;0.0;0.0;0.0;0.0;0.215;0.702123;0.0;0.0;0.0;0.0;0.0;0.0;0.0;0.003832;0.00294;0.001526;0.873894
400.5;0.0;0.0;0.0;0.0;0.0;0.0;0.0;0.0;0.0;0.0;0.0;0.0;0.245264;0.750922;0.0;0.0;0.0;0.0;0.0;0.0;0.0;0.00396;0.003061;0.001604;0.875245
401.0;0.0;0.0;0.0;0.0;0.0;0.0;0.0;0.0;0.0;0.0;0.0;0.0;0.275937;0.797452;0.0;0.0;0.0;0.0;0.0;0.0;0.0;0.004091;0.003186;0.001686;0.876587
401.5;0.0;0.0;0.0;0.0;0.0;0.0;0.0;0.0;0.0;0.0;0.0;0.0;0.306171;0.840896;0.0;0.0;0.0;0.0;0.0;0.0;0.0;0.004227;0.003315;0.001771;0.877922
402.0;0.0;0.0;0.0;0.0;0.0;0.0;0.0;0.0;0.0;0.0;0.0;0.0;0.335041;0.880458;0.0;0.0;0.0;0.0;0.0;0.0;0.0;0.004366;0.00345;0.001861;0.879249
402.5;0.0;0.0;0.0;0.0;0.0;0.0;0.0;0.0;0.0;0.0;0.0;0.0;0.361585;0.915384;0.0;0.0;0.0;0.0;0.0;0.0;0.0;0.00451;0.003589;0.001955;0.880568
403.0;0.0;0.0;0.0;0.0;0.0;0.0;0.0;0.0;0.0;0.0;0.0;0.0;0.384861;0.944988;0.0;0.0;0.0;0.0;0.0;0.0;0.0;0.004658;0.003734;0.002053;0.881878
403.5;0.0;0.0;0.0;0.0;0.0;0.0;0.0;0.0;0.0;0.0;0.0;0.0;0.403995;0.968673;0.0;0.0;0.0;0.0;0.0;0.0;0.0;0.00481;0.003884;0.002156;0.883181
404.0;0.0;0.001847;0.0;0.0;0.0;0.0;0.0;0.0;0.0;0.0;0.001048;0.000742;0.419027;0.985954;0.0;0.0;0.0;0.0;0.0;0.0;0.0;0.004968;0.004039;0.002263;0.884476
404.5;0.0;0.271626;0.0;0.0;0.0;0.0;0.0;0.0;0.0;0.0;0.154011;0.109091;0.542538;0.99647;0.0;0.0;0.0;0.0;0.0;0.0;0.0;0.00513;0.004201;0.002376;0.885763
405.0;0.0;0.156008;0.0;0.0;0.0;0.0;0.0;0.0;0.0;0.0;0.088456;0.062656;0.496342;1.0;0.0;0.0;0.0;0.0;0.0;0.0;0.0;0.005297;0.004368;0.002494;0.887042
405.5;0.0;0.00035;0.0;0.0;0.0;0.0;0.0;0.0;0.0;0.0;0.000199;0.000141;0.427179;0.99647;0.0;0.0;0.0;0.0;0.0;0.0;0.0;0.005469;0.004542;0.002618;0.888313
406.0;0.0;0.0;0.0;0.0;0.0;0.0;0.0;0.0;0.0;0.0;0.0;0.0;0.418242;0.985954;0.0;0.0;0.0;0.0;0.0;0.0;0.0;0.005646;0.004722;0.002748;0.889575
406.5;0.0;0.0;0.0;0.0;0.0;0.0;0.0;0.0;0.0;0.0;0.0;0.0;0.403995;0.968673;0.0;0.0;0.0;0.0;0.0;0.0;0.0;0.005829;0.004908;0.002885;0.89083
407.0;0.0;9e-05;0.0;0.0;0.0;0.0;0.0;0.0;0.0;0.0;1e-06;0.0;0.384861;0.944988;0.0;0.0;0.0;0.0;0.0;0.0;0.0;0.006018;0.005102;0.003028;0.892077
407.5;0.0;0.039909;0.0;0.0;0.0;0.0;0.0;0.0;0.0;0.0;1e-06;0.0;0.361585;0.915384;0.0;0.0;0.0;0.0;0.0;0.0;0.0;0.006213;0.005303;0.003178;0.893317
408.0;0.0;0.069486;0.0;0.0;0.0;0.0;0.0;0.0;0.0;0.0;1e-06;0.0;0.335041;0.880458;0.0;0.0;0.0;0.0;0.0;0.0;0.0;0.006414;0.005512;0.003336;0.894548
408.5;0.0;0.000473;0.0;0.0;0.0;0.0;0.0;0.0;0.0;0.0;2e-06;0.0;0.306171;0.840896;0.0;0.0;0.0;0.0;0.0;0.0;0.0;0.006622;0.005728;0.003503;0.895771
409.0;0.0;0.0;0.0;0.0;0.0;0.0;0.0;0.0;0.0;0.0;2e-06;0.0;0.275937;0.797452;0.0;0.0;0.0;0.0;0.0;0.0;0.0;0.006837;0.005954;0.003679;0.896986
409.5;0.001847;0.0;0.0;0.0;0.0;0.0;0.0;0.0;0.0;0.0;3e-06;0.0;0.245264;0.750922;0.0;0.0;0.0;0.0;0.0;0.0;0.0;0.007059;0.006188;0.003865;0.898194
410.0;0.271626;0.0;0.0;0.0;0.0;0.0;0.0;0.0;0.0;0.0;4e-06;0.0;0.215;0.702123;0.0;0.0;0.0;0.0;0.0;0.0;0.0;0.007289;0.006432;0.004062;0.899393
410.5;0.156008;0.0;0.0;0.0;0.0;0.0;0.0;0.0;0.0;0.0;5e-06;0.0;0.185876;0.651869;1e-06;0.0;0.0;0.0;0.0;0.0;0.0;0.007527;0.006686;0.004271;0.900585
411.0;0.00035;0.0;0.0;0.0;0.0;0.0;0.0;0.0;0.0;0.0;7e-06;0.0;0.158484;0.600946;1e-06;0.0;0.0;0.0;0.0;0.0;0.0;0.007774;0.00695;0.004494;0.901768
411.5;0.0;0.0;0.0;0.0;0.0;0.0;0.0;0.0;0.0;0.0;9e-06;0.0;0.133269;0.550096;1e-06;0.0;0.0;0.0;0.0;0.0;0.0;0.00803;0.007227;0.004731;0.902944
412.0;0.0;0.0;0.0;0.0;0.0;0.0;0.0;0.0;0.0;0.0;1.2e-05;0.0;0.110522;0.5;1e-06;0.0;0.0;0.0;0.0;0.0;0.0;0.008296;0.007516;0.004985;0.904112
412.5;0.0;0.0;0.0;0.0;0.0;0.0;0.0;0.0;0.0;0.0;1.6e-05;0.0;0.090396;0.451263;2e-06;0.0;0.0;0.0;0.0;0.0;0.0;0.008574;0.007819;0.005259;0.905272
413.0;0.0;0.0;0.0;0.0;0.0;0.0;0.0;0.0;0.0;0.0;2.1e-05;0.0;0.072917;0.404406;2e-06;0.0;0.0;0.0;0.0;0.0;0.0;0.008863;0.008136;0.005554;0.906424
413.5;0.0;0.0;0.0;0.0;0.0;0.0;0.0;0.0;0.0;0.0;2.8e-05;0.0;0.058009;0.359861;3e-06;0.0;0.0;0.0;0.0;0.0;0.0;0.009165;0.00847;0.005873;0.907569
414.0;0.0;0.0;0.0;0.0;0.0;0.0;0.0;0.0;0.0;0.0;3.6e-05;0.0;0.045513;0.317965;4e-06;0.0;0.0;0.0;0.0;0.0;0.0;0.009481;0.008821;0.006219;0.908705
414.5;0.0;0.0;0.0;0.0;0.0;0.0;0.0;0.0;0.0;0.0;4.7e-05;0.0;0.035217;0.278966;5e-06;0.0;0.0;0.0;0.0;0.0;0.0;0.009812;0.009192;0.006598;0.909834
415.0;0.0;0.0;0.0;0.0;0.0;0.0;0.0;0.0;0.0;0.0;6.1e-05;0.0;0.026875;0.243026;6e-06;0.0;0.0;0.0;0.0;0.0;0.0;0.01016;0.009585;0.007012;0.910955
415.5;0.0;0.0;0.0;0.0;0.0;0.0;0.0;0.0;0.0;0.0;7.8e-05;0.0;0.020227;0.210224;8e-06;0.0;0.0;0.0;0.0;0.0;0.0;0.010526;0.010002;0.007468;0.912068
416.0;0.0;0.0;0.0;0.0;0.0;0.0;0.0;0.0;0.0;0.0;0.0001;0.0;0.015014;0.180568;1e-05;0.0;0.0;0.0;0.0;0.0;0.0;0.010913;0.010446;0.007971;0.913173
416.5;0.0;0.0;0.0;0.0;0.0;0.0;0.0;0.0;0.0;0.0;0.000129;0.0;0.010991;0.154002;1.2e-05;0.0;0.0;0.0;0.0;0.0;0.0;0.011322;0.010919;0.008529;0.91427
417.0;0.0;0.0;0.0;0.0;0.0;0.0;0.0;0.0;0.0;0.0;0.000164;0.0;0.007935;0.130419;1.5e-05;0.0;0.0;0.0;0.0;0.0;0.0;0.011756;0.011427;0.009148;0.91536
417.5;0.0;0.0;0.0;0.0;0.0;0.0;0.0;0.0;0.0;0.0;0.000209;0.0;0.00565;0.109669;1.9e-05;0.0;0.0;0.0;0.0;0.0;0.0;0.012218;0.011972;0.009838;0.916442
418.0;0.0;0.0;0.0;0.0;0.0;0.0;0.0;0.0;0.0;0.0;0.000265;0.0;0.003968;0.09157;2.4e-05;0.0;0.0;0.0;0.0;0.0;0.0;0.01271;0.012559;0.010609;0.917516
418.5;0.0;0.0;0.0;0.0;0.0;0.0;0.0;0.0;0.0;0.0;0.000335;0.0;0.002748;0.075919;3e-05;0.0;0.0;0.0;0.0;0.0;0.0;0.013237;0.013194;0.011473;0.918582
419.0;0.0;0.0;0.0;0.0;0.0;0.0;0.0;0.0;0.0;0.0;0.000422;1e-06;0.001877;0.0625;3.8e-05;0.0;0.0;0.0;0.0;0.0;0.0;0.013801;0.013882;0.012441;0.919641
419.5;0.0;0.0;0.0;0.0;0.0;0.0;0.0;0.0;0.0;0.0;0.000529;1e-06;0.001265;0.05109;4.7e-05;0.0;0.0;0.0;0.0;0.0;0.0;0.014407;0.01463;0.013528;0.920692
420.0;0.0;0.0;0.0;0.0;0.0;0.0;0.0;0.0;0.0;0.0;0.000662;1e-06;0.000841;0.041469;5.8e-05;0.0;0.0;0.0;0.0;0.0;0.0;0.015059;0.015446;0.014749;0.921735
420.5;0.0;0.0;0.0;0.0;0.0;0.0;0.0;0.0;0.0;0.0;0.000824;2e-06;0.000552;0.033422;7.2e-05;0.0;0.0;0.0;0.0;0.0;0.0;0.015764;0.016337;0.016122;0.92277
421.0;0.0;0.0;0.0;0.0;0.0;0.0;0.0;0.0;0.0;0.0;0.001024;3e-06;0.000358;0.026747;9e-05;0.0;0.0;0.0;0.0;0.0;0.0;0.016526;0.017312;0.017666;0.923798
421.5;0.0;0.0;0.0;0.0;0.0;0.0;0.0;0.0;0.0;0.0;0.001267;4e-06;0.00023;0.021254;0.000111;0.0;0.0;0.0;0.0;0.0;0.0;0.017351;0.018383;0.0194;0.924818
422.0;0.0;0.0;0.0;0.0;0.0;0.0;0.0;0.0;0.0;0.0;0.001563;6e-06;0.000148;0.01677;0.000136;0.0;0.0;0.0;0.0;0.0;0.0;0.018247;0.019559;0.021346;0.92583
422.5;0.0;0.0;0.0;0.0;0.0;0.0;0.0;0.0;0.0;0.0;0.00192;9e-06;9.6e-05;0.013139;0.000168;0.0;0.0;0.0;0.0;0.0;0.0;0.019222;0.020854;0.023529;0.926835
423.0;0.0;0.0;0.0;0.0;0.0;0.0;0.0;0.0;0.0;0.0;0.002352;1.3e-05;6.5e-05;0.010222;0.000205;0.0;0.0;0.0;0.0;0.0;0.0;0.020282;0.022279;0.025974;0.927832
423.5;0.0;0.0;0.0;0.0;0.0;0.0;0.0;0.0;0.0;0.0;0.002871;1.8e-05;4.8e-05;0.007896;0.000251;0.0;0.0;0.0;0.0;0.0;0.0;0.021437;0.023851;0.028706;0.928821
424.0;0.0;0.0;0.0;0.0;0.0;0.0;0.0;0.0;0.0;0.0;0.003492;2.6e-05;4.2e-05;0.006056;0.000306;0.0;0.0;0.0;0.0;0.0;0.0;0.022698;0.025583;0.031754;0.929803
424.5;0.0;0.0;0.0;0.0;0.0;0.0;0.0;0.0;0.0;0.0;0.004232;3.7e-05;4.3e-05;0.004613;0.000372;0.0;0.0;0.0;0.0;0.0;0.0;0.024073;0.027494;0.035148;0.930777
425.0;0.0;0.0;0.0;0.0;0.0;0.0;0.0;0.0;0.0;0.0;0.005112;5.3e-05;5.2e-05;0.003488;0.000452;0.0;0.0;0.0;0.0;0.0;0.0;0.025574;0.0296;0.038915;0.931744
425.5;0.0;0.0;0.0;0.0;0.0;0.0;0.0;0.0;0.0;0.0;0.006153;7.4e-05;6.7e-05;0.002619;0.000547;0.0;0.0;0.0;0.0;0.0;0.0;0.027212;0.031921;0.043088;0.932703
426.0;0.0;0.0;0.0;0.0;0.0;0.0;0.0;0.0;0.0;0.0;0.007381;0.000104;9.1e-05;0.001953;0.000661;0.0;0.0;0.0;0.0;0.0;0.0;0.029001;0.034476;0.047695;0.933654
426.5;0.0;0.0;0.0;0.0;0.0;0.0;3.1e-05;0.0;0.0;0.0;0.008824;0.000145;0.000125;0.001446;0.000797;0.0;0.0;0.0;0.0;0.0;0.0;0.030954;0.037287;0.052768;0.934598
427.0;0.0;0.0;0.0;0.0;0.0;0.0;0.041732;0.0;0.0;0.0;0.010511;0.0002;0.000172;0.001063;0.000958;0.0;0.0;0.0;0.0;0.0;0.0;0.033085;0.040375;0.058336;0.935534
427.5;0.0;0.0;0.0;0.0;0.0;0.0;0.220261;0.0;0.0;0.0;0.012478;0.000275;0.000235;0.000776;0.001149;0.0;0.0;0.0;0.0;0.0;0.0;0.035408;0.043763;0.064426;0.936463
428.0;0.0;0.0;0.0;0.0;0.0;0.0;0.004541;0.0;0.0;0.0;0.014762;0.000375;0.000321;0.000562;0.001374;0.0;0.0;0.0;0.0;0.0;0.0;0.037938;0.047474;0.071065;0.937384
428.5;0.0;0.0;0.0;0.0;0.0;0.0;0.0;0.0;0.0;0.0;0.017404;0.000509;0.000436;0.000405;0.00164;0.0;0.0;0.0;0.0;0.0;0.0;0.040693;0.051531;0.078277;0.938298
429.0;0.0;0.0;0.0;0.0;0.0;0.0;0.0;0.0;0.0;0.0;0.020448;0.000686;0.000587;0.000289;0.001953;0.0;0.0;0.0;0.0;0.0;0.0;0.043687;0.055957;0.086082;0.939204
429.5;0.0;0.0;0.0;0.0;0.0;0.0;0.0;0.0;0.0;0.0;0.02394;0.00092;0.000787;0.000205;0.00232;0.0;0.0;0.0;0.0;0.0;0.0;0.046939;0.060775;0.094498;0.940103
430.0;0.0;0.0;0.0;0.0;0.0;0.0;0.0;0.0;0.0;0.0;0.027932;0.001225;0.001048;0.000145;0.002749;0.0;0.0;0.0;0.0;0.0;0.0;0.050465;0.06601;0.103535;0.94099
430.5;0.0;0.0;0.0;0.0;0.0;0.0;0.0;0.0;0.0;0.0;0.032477;0.001621;0.001387;0.000101;0.003249;0.0;0.0;0.0;0.0;0.0;0.0;0.054282;0.071681;0.113202;0.892376
431.0;0.0;0.0;0.0;0.0;0.0;0.0;3.7e-05;0.0;0.0;0.0;0.037631;0.002132;0.001824;7e-05;0.003832;0.0;0.0;0.0;0.0;0.0;0.0;0.058409;0.077811;0.123499;0.82491
431.5;0.0;0.0;0.0;0.0;0.0;0.0;0.050078;0.0;0.0;0.0;0.043452;0.002788;0.002385;4.9e-05;0.004508;0.0;0.0;0.0;0.0;0.0;0.0;0.062863;0.084418;0.134421;0.943575
432.0;0.0;0.0;0.0;0.0;0.0;0.0;0.264313;0.0;0.0;0.0;0.05;0.003622;0.003099;3.3e-05;0.00529;0.0;0.0;0.0;0.0;0.0;0.0;0.06766;0.091521;0.145955;0.944484
432.5;0.0;0.0;0.0;0.0;0.0;0.0;0.005449;0.0;0.0;0.0;0.057335;0.004678;0.004002;2.3e-05;0.006193;0.0;0.0;0.0;0.0;0.0;0.0;0.072817;0.099133;0.158083;0.945339
433.0;9e-06;0.0;0.0;0.0;0.0;0.0;0.0;0.0;0.0;0.0;0.06552;0.006004;0.005136;1.5e-05;0.007233;0.0;0.0;0.0;0.0;0.0;0.0;0.078352;0.107267;0.170774;0.946185
433.5;0.035068;0.0;0.0;0.0;0.0;0.0;0.0;0.0;0.0;0.0;0.074613;0.007658;0.006551;1e-05;0.008428;0.0;0.0;0.0;0.0;0.0;0.0;0.084277;0.115932;0.183994;0.947025
434.0;0.561096;0.0;0.0;0.0;0.0;0.0;0.0;0.0;0.0;0.0;0.084675;0.009708;0.008305;7e-06;0.009796;0.0;0.0;0.0;0.0;0.0;0.0;0.090609;0.125133;0.197696;0.947857
434.5;0.035068;0.0;0.0;0.0;0.0;0.0;0.0;0.0;0.0;0.0;0.09576;0.012231;0.010463;5e-06;0.011359;0.0;0.0;0.0;0.0;0.0;0.0;0.097359;0.134872;0.211827;0.948681
435.0;9e-06;0.0007;0.0;0.0;0.0;0.0;0.0;0.0;0.0;0.0;0.108419;0.015589;0.013399;3e-06;0.013139;0.0;0.0;0.0;0.0;0.0;0.0;0.104538;0.145144;0.226325;0.949498
435.5;0.0;0.312016;0.0;0.0;0.0;0.0;0.000285;0.0;0.0;0.0;0.34235;0.140688;0.148989;2e-06;0.015162;0.0;0.0;0.0;0.0;0.0;0.0;0.112157;0.155941;0.241119;0.950308
436.0;0.0;0.543252;0.0;0.0;0.0;0.0;0.126983;0.0;0.0;0.0;0.520688;0.23534;0.251183;1e-06;0.017454;1e-06;0.0;0.0;0.0;0.0;0.0;0.120222;0.16725;0.25613;0.951111
436.5;0.0;0.003695;0.0;0.0;0.0;0.0;0.221091;0.0;0.0;0.0;0.153928;0.03042;0.026361;1e-06;0.020045;1e-06;0.0;0.0;0.0;0.0;0.0;0.128738;0.179052;0.271273;0.951907
437.0;0.0;0.0;0.0;0.0;0.0;0.0;0.001504;0.0;0.0;0.0;0.168179;0.035404;0.030286;1e-06;0.022965;1e-06;0.0;0.0;0.0;0.0;0.0;0.137707;0.191321;0.286455;0.952695
437.5;0.0;0.0;0.0;0.0;0.0;0.0;0.0;0.0;0.0;0.0;0.186284;0.042988;0.036773;0.0;0.026246;1e-06;0.0;0.0;0.0;0.0;0.0;0.14713;0.204027;0.301578;0.953476
438.0;0.0;0.0;0.0;0.0;0.0;0.0;0.0;0.0;0.0;0.0;0.205623;0.051875;0.044375;0.0;0.029925;1e-06;0.0;0.0;0.0;0.0;0.0;0.157002;0.217133;0.31654;0.952869
438.5;0.0;0.0;0.0;0.0;0.0;0.0;0.0;0.0;0.0;0.0;0.226184;0.062215;0.05322;0.0;0.034037;2e-06;0.0;0.0;0.0;0.0;0.0;0.167316;0.230596;0.331233;0.814654
439.0;0.0;0.0;0.0;0.0;0.0;0.0;0.0;0.0;0.0;0.0;0.247942;0.074158;0.063436;0.0;0.038622;2e-06;0.0;0.0;0.0;0.0;0.0;0.178062;0.244366;0.34555;0.955772
439.5;0.0;0.0;0.0;0.0;0.0;0.0;0.0;0.0;0.0;0.0;0.270851;0.08785;0.075149;0.0;0.043718;2e-06;0.0;0.0;0.0;0.0;0.0;0.189227;0.25839;0.359383;0.956527
440.0;0.0;0.0;0.0;0.0;0.0;0.0;0.0;0.0;0.0;0.0;0.294854;0.103431;0.088477;0.0;0.049368;3e-06;0.0;0.0;0.0;0.0;0.0;0.200791;0.272606;0.372623;0.957272
440.5;0.0;0.0;0.0;0.0;0.0;0.0;0.0;0.0;0.0;0.0;0.319873;0.121027;0.103529;0.0;0.055614;4e-06;0.0;0.0;0.0;0.0;0.0;0.212734;0.286949;0.385166;0.95801
441.0;0.0;0.0;0.0;0.0;0.0;0.0;0.0;0.0;0.0;0.0;0.345815;0.140748;0.120399;0.0;0.0625;5e-06;0.0;0.0;0.0;0.0;0.0;0.22503;0.301349;0.39691;0.95874
441.5;0.0;0.0;0.0;0.0;0.0;0.0;0.0;0.0;0.0;0.0;0.372567;0.162676;0.139156;0.0;0.07007;6e-06;0.0;0.0;0.0;0.0;0.0;0.237649;0.315731;0.40776;0.959464
442.0;0.0;0.0;0.0;0.0;0.0;0.0;0.0;0.0;0.0;0.0;0.4;0.186865;0.159849;0.0;0.078367;7e-06;0.0;0.0;0.0;0.0;0.0;0.250558;0.330018;0.417627;0.96018
442.5;0.0;0.0;0.0;0.0;0.0;0.0;0.0;0.0;0.0;0.0;0.427967;0.213334;0.18249;0.0;0.087436;8e-06;1e-06;0.0;0.0;0.0;0.0;0.263718;0.344129;0.426433;0.960889
443.0;0.0;0.0;0.0;0.0;0.0;0.0;0.0;0.0;0.0;0.0;0.456305;0.242055;0.207059;0.0;0.097321;1e-05;1e-06;0.0;0.0;0.0;0.0;0.277089;0.35798;0.434106;0.961592
443.5;0.0;0.0;0.0;0.0;0.0;0.0;0.0;0.0;0.0;0.0;0.484837;0.272956;0.233492;0.0;0.108062;1.3e-05;1e-06;0.0;0.0;0.0;0.0;0.290624;0.371489;0.44059;0.962287
444.0;0.0;0.0;0.0;0.0;0.0;0.0;0.0;0.0;0.0;0.0;0.51337;0.305911;0.261683;0.0;0.1197;1.5e-05;1e-06;0.0;0.0;0.0;0.0;0.304277;0.384572;0.445836;0.962975
444.5;0.0;0.0;0.0;0.0;0.0;0.0;0.0;0.0;0.0;0.0;0.541702;0.340739;0.291475;0.0;0.132274;1.9e-05;1e-06;0.0;0.0;0.0;0.0;0.317994;0.397145;0.449813;0.963656
445.0;0.0;0.0;0.0;0.0;0.0;0.0;0.0;0.0;0.0;0.0;0.56962;0.377201;0.322666;0.0;0.145816;2.3e-05;1e-06;0.0;0.0;0.0;0.0;0.331722;0.409128;0.4525;0.96433
445.5;0.0;0.0;0.0;0.0;0.0;0.0;0.0;0.0;0.0;0.0;0.596904;0.415;0.355;0.0;0.160359;2.7e-05;2e-06;0.0;0.0;0.0;0.0;0.345402;0.420442;0.453891;0.964997
446.0;0.0;0.0;0.0;0.0;0.0;1e-06;0.0;0.0;0.0;0.0;0.623332;0.453782;0.388175;0.0;0.175928;3.3e-05;2e-06;0.0;0.0;0.0;0.0;0.358977;0.431013;0.453994;0.965658
446.5;0.0;0.0;0.0;0.0;0.0;0.009082;0.0;0.0;0.0;0.0;0.648677;0.493141;0.421844;0.0;0.192545;4e-05;2e-06;0.0;0.0;0.0;0.0;0.372384;0.440771;0.452831;0.966311
447.0;0.0;0.0;0.0;0.0;0.0;0.440522;0.0;0.0;0.0;0.0;0.672717;0.532622;0.455616;0.0;0.210224;4.9e-05;3e-06;0.0;0.0;0.0;0.0;0.385561;0.449653;0.450437;0.966957
447.5;0.0;0.0;0.0;0.0;0.0;0.083463;0.0;0.0;0.0;0.0;0.695235;0.57173;0.48907;0.0;0.228975;5.8e-05;3e-06;0.0;0.0;0.0;0.0;0.398447;0.457601;0.446861;0.967596
448.0;0.0;0.0;0.0;0.0;0.0;6.2e-05;0.0;0.0;0.0;0.0;0.71602;0.60994;0.521756;0.0;0.2488;7e-05;4e-06;0.0;0.0;0.0;0.0;0.410977;0.464567;0.442163;0.968229
448.5;0.0;0.0;0.0;0.0;0.0;0.0;0.0;0.0;0.0;0.0;0.734876;0.646707;0.553207;0.0;0.26969;8.4e-05;5e-06;0.0;0.0;0.0;0.0;0.423089;0.470507;0.436415;0.968854
449.0;0.0;0.0;0.0;0.0;0.0;0.0;0.0;0.0;0.0;0.0;0.751618;0.681478;0.582951;0.0;0.291632;0.000101;6e-06;0.0;0.0;0.0;0.0;0.434721;0.47539;0.429698;0.969473
449.5;0.0;0.0;0.0;0.0;0.0;0.0;0.000859;0.005449;0.0;0.0;0.766083;0.713708;0.610521;0.0;0.314601;0.000121;7e-06;0.0;0.0;0.0;0.0;0.445815;0.479193;0.422103;0.970085
450.0;0.0;0.0;0.0;0.0;0.0;0.0;0.126338;0.264313;0.0;0.0;0.778124;0.742871;0.635468;0.0;0.338564;0.000145;8e-06;0.0;0.0;0.0;0.0;0.456311;0.4819;0.413727;0.97069
450.5;0.0;0.0;0.0;0.0;0.0;0.0;0.072562;0.050078;0.0;0.0;0.78762;0.768476;0.657371;0.0;0.363476;0.000172;9e-06;0.0;0.0;0.0;0.0;0.466155;0.483507;0.404673;0.971288
451.0;0.0;0.0;0.0;0.0;0.0;0.0;0.000163;3.7e-05;0.0;0.0;0.794474;0.790081;0.675852;0.0;0.389282;0.000205;1.1e-05;0.0;0.0;0.0;0.0;0.475295;0.484021;0.395049;0.97188
451.5;0.0;0.0;0.0;0.0;0.0;0.0;0.0;0.0;0.0;0.0;0.798615;0.807304;0.690585;0.0;0.415919;0.000244;1.3e-05;0.0;0.0;0.0;0.0;0.483684;0.483456;0.384963;0.972464
452.0;0.0;0.0;0.0;0.0;0.0;0.0;0.0;0.0;0.0;0.0;0.8;0.819835;0.701305;0.0;0.44331;0.000289;1.5e-05;0.0;0.0;0.0;0.0;0.491278;0.481837;0.374526;0.973042
452.5;0.0;0.0;0.0;0.0;0.0;0.0;0.0;0.0;0.0;0.0;0.798615;0.827447;0.707816;0.0;0.47137;0.000343;1.8e-05;0.0;0.0;0.0;0.0;0.498038;0.479198;0.363849;0.973613
453.0;0.0;0.0;0.0;0.0;0.0;0.0;0.0;0.0;0.0;0.0;0.794474;0.83;0.71;0.0;0.5;0.000405;2.1e-05;0.0;0.0;0.0;0.0;0.503931;0.475583;0.353039;0.974178
453.5;0.0;0.0;0.0;0.0;0.0;0.0;0.0;0.0;0.0;0.0;0.78762;0.827447;0.707816;0.0;0.529094;0.000478;2.5e-05;0.0;0.0;0.0;0.0;0.508929;0.47104;0.342201;0.974736
454.0;0.0;0.0;0.0;0.0;0.0;0.0;0.0;0.0;0.0;0.0;0.778124;0.819835;0.701305;0.0;0.558536;0.000562;2.9e-05;0.0;0.0;0.0;0.0;0.51301;0.46563;0.331435;0.975287
454.5;0.0;0.0;0.0;0.0;0.0;0.0;0.0;0.0;0.0;0.0;0.766083;0.807304;0.690585;0.0;0.588198;0.000661;3.4e-05;0.0;0.0;0.0;0.0;0.516159;0.459417;0.320835;0.975831
455.0;0.0;0.0;0.0;0.0;0.0;0.0;0.0;0.0;0.0;0.0;0.751618;0.790081;0.675852;0.0;0.617947;0.000776;4e-05;0.0;0.0;0.0;0.0;0.518367;0.452471;0.310488;0.976369
455.5;0.0;0.0;0.0;0.0;0.0;0.0;0.0;0.0;0.0;0.0;0.734876;0.768476;0.657371;0.0;0.64764;0.000909;4.6e-05;0.0;0.0;0.0;0.0;0.51963;0.444869;0.300475;0.9769
456.0;0.0;0.0;0.0;0.0;0.0;0.0;0.0;0.0;0.0;0.0;0.71602;0.742871;0.635468;0.0;0.677128;0.001063;5.4e-05;0.0;0.0;0.0;0.0;0.519952;0.436688;0.290869;0.977425
456.5;0.0;0.0;0.0;0.0;0.0;0.0;0.0;0.0;0.0;0.0;0.695235;0.713708;0.610521;0.0;0.706256;0.001241;6.3e-05;0.0;0.0;0.0;0.0;0.519343;0.428013;0.281732;0.977942
457.0;0.0;0.0;0.0;0.0;0.0;0.0;0.0;0.0;0.0;0.0;0.672717;0.681478;0.582951;0.0;0.734867;0.001446;7.3e-05;0.0;0.0;0.0;0.0;0.51782;0.418926;0.273121;0.978454
457.5;0.0;0.0;0.0;0.0;0.0;0.0;0.0;0.0;0.0;0.0;0.648677;0.646707;0.553207;0.0;0.762799;0.001682;8.5e-05;0.0;0.0;0.0;0.0;0.515404;0.409514;0.265083;0.978959
458.0;0.0;0.0;0.0;0.0;0.0;0.0;0.0;0.0;0.0;0.0;0.623332;0.60994;0.521756;0.0;0.789889;0.001953;9.9e-05;0.0;0.0;0.0;0.0;0.512125;0.39986;0.257655;0.979457
458.5;0.0;0.0;0.0;0.0;0.0;0.0;0.0;0.0;0.0;0.0;0.596904;0.57173;0.48907;0.0;0.815975;0.002264;0.000115;0.0;0.0;0.0;0.0;0.508017;0.390048;0.250867;0.979949
459.0;0.0;0.0;0.0;0.0;0.0;0.0;0.0;0.0;0.0;0.0;0.56962;0.532622;0.455616;0.0;0.840896;0.002619;0.000133;0.0;0.0;0.0;0.0;0.503118;0.38016;0.24474;0.980434
459.5;0.0;0.0;0.0;0.0;0.0;0.0;0.0;0.0;0.0;0.0;0.541702;0.493141;0.421844;0.0;0.864496;0.003025;0.000154;0.0;0.0;0.0;0.0;0.497474;0.370276;0.23929;0.980913
460.0;0.0;0.0;0.0;0.0;0.0;0.0;0.0;0.0;0.0;0.0;0.51337;0.453782;0.388175;0.0;0.886621;0.003488;0.000178;0.0;0.0;0.0;0.0;0.491132;0.36047;0.234521;0.981385
460.5;0.0;0.0;0.0;0.0;0.0;0.0;4e-06;0.0;0.0;0.0;0.484837;0.415;0.355;0.0;0.907126;0.004015;0.000205;0.0;0.0;0.0;0.0;0.484144;0.350814;0.230435;0.981851
461.0;0.0;0.0;0.0;0.0;0.0;0.0;0.015381;0.0;0.0;0.0;0.456305;0.377201;0.322666;0.0;0.925875;0.004613;0.000237;0.0;0.0;0.0;0.0;0.476567;0.341375;0.227025;0.98231
461.5;0.0;0.0;0.0;0.0;0.0;0.0;0.246095;4.3e-05;0.0;0.0;0.427967;0.340739;0.291475;0.0;0.942739;0.00529;0.000272;0.0;0.0;0.0;0.0;0.468459;0.332214;0.224281;0.982763
462.0;0.0;0.0;0.0;0.0;0.0;0.0;0.015381;0.058424;0.0;0.0;0.4;0.305911;0.261683;0.0;0.957603;0.006056;0.000313;0.0;0.0;0.0;0.0;0.459881;0.323386;0.222188;0.98321
462.5;0.0;0.0;0.0;0.0;0.0;0.0;4e-06;0.308365;0.0;0.0;0.372567;0.272956;0.233492;0.0;0.970364;0.006921;0.00036;0.0;0.0;0.0;0.0;0.450894;0.314942;0.220725;0.98365
463.0;0.0;0.0;0.0;0.0;0.0;0.0;0.0;0.006358;0.0;0.0;0.345815;0.242055;0.207059;0.0;0.98093;0.007896;0.000413;0.0;0.0;0.0;0.0;0.441563;0.306926;0.219871;0.984084
463.5;0.0;0.0;0.0;0.0;0.0;0.0;0.0;1e-06;0.0;0.0;0.319873;0.213334;0.18249;0.0;0.989228;0.008992;0.000473;0.0;0.0;0.0;0.0;0.43195;0.299375;0.2196;0.984512
464.0;0.0;0.0;0.0;0.0;0.0;0.0;0.0;0.0;0.0;0.0;0.294854;0.186865;0.159849;0.0;0.995198;0.010222;0.000541;0.0;0.0;0.0;0.0;0.422119;0.292321;0.219885;0.984933
464.5;0.0;0.0;0.0;0.0;0.0;0.0;0.0;0.0;0.0;0.0;0.270851;0.162676;0.139156;0.0;0.998797;0.011599;0.000619;0.0;0.0;0.0;0.0;0.412133;0.285791;0.220697;0.985348
465.0;0.0;0.0;0.0;0.0;0.0;0.0;0.0;0.0;0.0;0.0;0.247942;0.140748;0.120399;0.0;1.0;0.013139;0.000706;0.0;0.0;0.0;0.0;0.402054;0.279804;0.222009;0.985757
465.5;0.0;0.0;0.0;0.0;0.0;0.0;0.0;0.0;0.0;0.0;0.226184;0.121027;0.103529;0.0;0.998797;0.014857;0.000806;0.0;0.0;0.0;0.0;0.391942;0.274374;0.223789;0.98616
466.0;0.0;0.0;0.0;0.0;0.0;0.0;0.0;0.0;0.0;0.0;0.205623;0.103431;0.088477;0.0;0.995198;0.01677;0.000918;0.0;0.0;0.0;0.0;0.381853;0.269512;0.226009;0.986556
466.5;0.0;0.0;0.0;0.0;0.0;0.0;0.0;0.004541;0.0;0.0;0.186284;0.08785;0.075149;0.0;0.989228;0.018896;0.001044;0.0;0.0;0.0;0.0;0.371845;0.26522;0.228639;0.986946
467.0;0.0;0.0;0.0;0.0;0.0;0.0;0.0;0.220261;0.000407;0.0;0.168179;0.074158;0.063436;0.0;0.98093;0.021254;0.001186;0.0;0.0;0.0;0.0;0.361969;0.261499;0.231652;0.98733
467.5;0.0;0.0;0.0;0.0;0.0;0.0;0.0;0.041732;0.181405;0.0;0.151309;0.062215;0.05322;0.0;0.970364;0.023864;0.001346;0.0;0.0;0.0;0.0;0.352274;0.258344;0.23502;0.987708
468.0;0.0;0.0;0.0;0.0;0.0;0.0;0.0;3.1e-05;0.315844;0.0;0.13566;0.051875;0.044375;0.0;0.957603;0.026747;0.001526;0.0;0.0;0.0;0.0;0.342806;0.255748;0.238717;0.988079
468.5;0.0;0.0;0.0;0.0;0.0;0.0;0.0;0.0;0.002148;0.0;0.121209;0.042988;0.036773;0.0;0.942739;0.029925;0.001727;0.0;0.0;0.0;0.0;0.333606;0.253698;0.242718;0.988445
469.0;0.0;0.0;0.0;0.0;0.0;0.0;0.0;0.0;0.0;0.0;0.107923;0.035404;0.030286;0.0;0.925875;0.033422;0.001953;0.0;0.0;0.0;0.0;0.324715;0.252181;0.247001;0.988804
469.5;0.0;0.0;0.0;0.0;0.0;0.0;0.0;0.0;0.0;0.0;0.09576;0.02898;0.02479;0.0;0.907126;0.037261;0.002206;0.0;0.0;0.0;0.0;0.316164;0.251179;0.251544;0.989157
470.0;0.0;0.0;0.0;0.0;0.0;0.0;0.0;0.0;0.0;0.0;0.084675;0.023575;0.020167;0.0;0.886621;0.041469;0.002488;0.0;0.0;0.0;0.0;0.307986;0.250674;0.256326;0.989504
470.5;0.0;0.0;0.0;0.0;0.0;0.00022;0.0;0.0;0.0;0.0;0.074613;0.019061;0.016305;0.0;0.864496;0.046069;0.002804;0.0;0.0;0.0;0.0;0.300205;0.250646;0.26133;0.989846
471.0;0.0;0.0;0.0;0.0;0.0;0.097959;0.0;0.0;0.0;0.0;0.06552;0.015316;0.013102;0.0;0.840896;0.05109;0.003155;0.0;0.0;0.0;0.0;0.292845;0.251074;0.266538;0.990181
471.5;0.0;0.0;0.0;0.0;0.0;0.170556;0.0;0.0;0.0;0.0;0.057335;0.012231;0.010463;0.0;0.815975;0.056558;0.003547;0.0;0.0;0.0;0.0;0.285924;0.251934;0.271935;0.99051
472.0;0.0;0.0;0.0;0.0;0.0;0.00116;0.0;0.0;0.0;0.0;0.05;0.009708;0.008305;0.0;0.789889;0.0625;0.003982;0.0;0.0;0.0;0.0;0.279455;0.253205;0.277506;0.990833
472.5;0.0;0.0;0.0;0.0;0.0;0.0;0.0;4.9e-05;0.0;0.0;0.043452;0.007658;0.006551;0.0;0.762799;0.068945;0.004465;0.0;0.0;0.0;0.0;0.273451;0.254863;0.28324;0.99115
473.0;0.0;0.0;0.0;0.0;0.0;0.0;4.9e-05;0.066771;0.0;0.0;0.037631;0.006004;0.005136;0.0;0.734867;0.075919;0.005001;0.0;0.0;0.0;0.0;0.267919;0.256885;0.289125;0.991461
473.5;0.0;0.0;0.0;0.0;0.0;0.0;0.066771;0.352417;0.0;0.0;0.032477;0.004678;0.004002;0.0;0.706256;0.083452;0.005594;0.0;0.0;0.0;0.0;0.262862;0.259249;0.29515;0.991766
474.0;0.0;0.0;0.0;0.0;0.0;0.0;0.352417;0.007266;0.0;0.0;0.027932;0.003622;0.003099;0.0;0.677128;0.09157;0.006251;0.0;0.0;0.0;0.0;0.258282;0.261933;0.301307;0.992065
474.5;0.0;0.0;0.0;0.0;0.0;0.0;0.007266;1e-06;0.0;0.0;0.02394;0.002788;0.002385;0.0;0.64764;0.1003;0.006975;0.0;0.0;0.0;0.0;0.254176;0.264915;0.307588;0.992359
475.0;0.0;0.0;0.0;0.0;0.0;0.0;1e-06;0.0;0.0;0.0;0.020448;0.002132;0.001824;0.0;0.617947;0.109669;0.007775;0.0;0.0;0.0;0.0;0.250541;0.268175;0.313984;0.992646
475.5;0.0;0.0;0.0;0.0;0.0;0.0;0.001289;0.0;0.0;0.0;0.017404;0.001621;0.001387;0.0;0.588198;0.1197;0.008656;0.0;0.0;0.0;0.0;0.24737;0.271693;0.320491;0.992928
476.0;0.0;0.0;0.0;0.0;0.0;0.0;0.189506;0.0;0.0;0.0;0.014762;0.001225;0.001048;0.0;0.558536;0.130419;0.009625;0.0;0.0;0.0;0.0;0.244653;0.27545;0.327101;0.993204
476.5;0.0;0.0;0.0;0.0;0.0;0.0;0.108843;0.0;0.0;0.0;0.012478;0.00092;0.000787;0.0;0.529094;0.141846;0.01069;0.0;0.0;0.0;0.0;0.24238;0.279429;0.333811;0.993474
477.0;0.0;0.0;0.0;0.0;0.0;0.0;0.000244;0.0;0.0;0.0;0.010511;0.000686;0.000587;0.0;0.5;0.154002;0.011859;0.0;0.0;0.0;0.0;0.240539;0.283613;0.340614;0.993738
477.5;0.0;0.0;0.0;0.0;0.0;0.0;0.0;0.0;0.0;0.0;0.008824;0.000509;0.000435;0.0;0.47137;0.166904;0.013139;0.0;0.0;0.0;0.0;0.239116;0.287986;0.347508;0.993997
478.0;0.0;0.0;0.0;0.0;0.0;0.0;0.0;0.0;0.0;0.0;0.007381;0.000375;0.000321;0.0;0.44331;0.180568;0.01454;0.0;0.0;0.0;0.0;0.238095;0.292535;0.354489;0.994249
478.5;0.0;0.0;0.0;0.0;0.0;0.0;0.0;0.0;0.0;0.0;0.006153;0.000275;0.000235;0.0;0.415919;0.195005;0.016072;0.0;0.0;0.0;0.0;0.237463;0.297246;0.361553;0.994496
479.0;0.0;0.0;0.0;0.0;0.0;0.0;0.0;0.0;1e-05;0.0;0.005112;0.0002;0.000171;0.0;0.389282;0.210224;0.017743;0.0;0.0;0.0;0.0;0.237201;0.302106;0.368696;0.994737
479.5;0.0;0.0;0.0;0.0;0.0;0.0;0.0;0.0;0.041221;0.0;0.004232;0.000145;0.000124;0.0;0.363476;0.226231;0.019565;0.0;0.0;0.0;0.0;0.237294;0.307106;0.375917;0.994973
480.0;0.0;0.0;0.0;0.0;0.0;0.0;0.0;0.001289;0.659533;0.0;0.003492;0.000104;8.9e-05;0.0;0.338564;0.243026;0.021548;0.0;0.0;0.0;0.0;0.237724;0.312234;0.383213;0.995203
480.5;0.0;0.0;0.0;0.0;0.0;0.0;0.0;0.189506;0.041221;0.0;0.002871;7.4e-05;6.4e-05;0.0;0.314601;0.260607;0.023703;0.0;0.0;0.0;0.0;0.238474;0.317481;0.390581;0.995427
481.0;0.0;0.0;0.0;0.0;0.0;0.0;0.0;0.108843;1e-05;0.0;0.002352;5.3e-05;4.5e-05;0.0;0.291632;0.278966;0.026043;0.0;0.0;0.0;0.0;0.239528;0.322839;0.398018;0.995646
481.5;0.0;0.0;0.0;0.0;0.0;0.0;5e-06;0.000244;0.0;0.0;0.00192;3.7e-05;3.2e-05;0.0;0.26969;0.298091;0.028579;0.0;0.0;0.0;0.0;0.240867;0.3283;0.405522;0.995859
482.0;0.0;0.0;0.0;0.0;0.0;0.0;0.021533;0.0;0.0;0.0;0.001563;2.6e-05;2.2e-05;0.0;0.2488;0.317965;0.031325;0.0;0.0;0.0;0.0;0.242476;0.333858;0.413091;0.996066
482.5;0.0;0.0;0.0;0.0;0.0;0.0;0.344532;0.0;0.0;0.0;0.001267;1.8e-05;1.6e-05;0.0;0.228975;0.338564;0.034294;0.0;0.0;0.0;0.0;0.244338;0.339506;0.420723;0.996268
483.0;0.0;0.0;0.0;0.0;0.0;0.0;0.021533;0.0;0.0;0.0;0.001024;1.3e-05;1.1e-05;0.0;0.210224;0.359861;0.037498;0.0;0.0;0.0;0.0;0.246438;0.345239;0.428416;0.996464
483.5;0.0;0.0;0.0;0.0;0.0;0.0;5e-06;0.0;0.0;0.0;0.000824;9e-06;7e-06;0.0;0.192545;0.381821;0.040954;0.0;0.0;0.0;0.0;0.24876;0.351052;0.436167;0.996655
484.0;0.0;0.0;0.0;0.0;0.0;0.0;0.0;0.0;0.0;0.0;0.000662;6e-06;5e-06;0.0;0.175928;0.404406;0.044674;0.0;0.0;0.0;0.0;0.25129;0.35694;0.443974;0.99684
484.5;0.0;0.0;0.0;0.0;0.0;0.0;0.0;0.0;0.0;0.0;0.000529;4e-06;3e-06;0.0;0.160359;0.427571;0.048673;0.0;0.0;0.0;0.0;0.254014;0.362899;0.451834;0.997019
485.0;1e-06;0.0;0.0;0.0;0.0;0.0;0.0;0.0;0.0;0.0;0.000422;3e-06;2e-06;0.0;0.145816;0.451263;0.052967;0.0;0.0;0.0;0.0;0.256919;0.368926;0.459747;0.997193
485.5;0.015622;0.0;0.0;0.0;0.0;0.0;0.0;0.0;0.0;0.0;0.000335;2e-06;2e-06;0.0;0.132274;0.475427;0.057571;0.0;0.0;0.0;0.0;0.259992;0.375017;0.467709;0.991841
486.0;0.757697;0.0;0.0;0.0;0.0;0.0;0.0;0.0;0.0;0.0;0.000265;1e-06;1e-06;0.0;0.1197;0.5;0.0625;0.0;0.0;0.0;0.0;0.263223;0.381169;0.475717;0.729683
486.5;0.143557;0.0;0.0;0.0;0.0;0.0;0.0;0.0;0.0;0.0;0.000209;1e-06;1e-06;0.0;0.108062;0.524914;0.06777;0.0;0.0;0.0;0.0;0.266599;0.38738;0.483771;0.946929
487.0;0.000106;0.0;0.0;0.0;0.0;0.0;0.0;0.0;0.0;0.0;0.000164;1e-06;0.0;0.0;0.097321;0.550096;0.073395;0.0;0.0;0.0;0.0;0.270111;0.393647;0.491866;0.997798
487.5;0.0;0.0;0.0;0.0;0.0;0.0;0.0;0.0;0.0;0.0;0.000129;0.0;0.0;0.0;0.087436;0.575467;0.079393;0.0;0.0;0.0;0.0;0.27375;0.399968;0.500001;0.997983
488.0;0.0;0.0;0.0;0.0;0.0;0.0;0.0;0.0;0.0;0.0;0.0001;0.0;0.0;0.0;0.078367;0.600946;0.085778;0.0;0.0;0.0;0.0;0.277506;0.406341;0.508174;0.998125
488.5;0.0;0.0;0.0;0.0;0.0;0.0;0.0;0.0;0.0;0.0;7.8e-05;0.0;0.0;0.0;0.07007;0.626443;0.092565;0.0;0.0;0.0;0.0;0.281371;0.412763;0.516381;0.998261
489.0;0.0;0.0;0.0;0.0;0.0;0.0;0.0;0.0;0.0;0.0;6.1e-05;0.0;0.0;0.0;0.0625;0.651869;0.099769;0.0;0.0;0.0;0.0;0.285339;0.419234;0.52462;0.998392
489.5;0.0;0.0;0.0;0.0;0.0;0.0;0.0;0.0;0.0;0.0;4.7e-05;0.0;0.0;0.0;0.055614;0.677128;0.107406;0.0;0.0;0.0;0.0;0.289401;0.42575;0.532888;0.998518
490.0;0.0;0.0;0.0;0.0;0.0;0.0;0.0;0.0;0.0;0.0;3.6e-05;0.0;0.0;0.0;0.049368;0.702123;0.115488;0.0;0.0;0.0;0.0;0.293553;0.43231;0.541183;0.998639
490.5;0.0;0.0;0.0;0.0;0.0;0.0;0.0;0.0;0.0;0.0;2.8e-05;0.0;0.0;0.0;0.043718;0.726755;0.124029;0.0;0.0;0.0;0.0;0.297787;0.438914;0.549501;0.998754
491.0;0.0;0.0;0.0;0.0;0.0;0.0;0.0;0.0;0.0;0.0;2.1e-05;0.0;0.0;0.0;0.038622;0.750922;0.133043;0.0;0.0;0.0;0.0;0.3021;0.445558;0.55784;0.998864
491.5;0.0;0.0;0.0;0.0;0.0;0.001418;0.0;0.000203;0.0;0.0;1.6e-05;0.0;0.0;0.0;0.034037;0.774522;0.142541;0.0;0.0;0.0;0.0;0.306486;0.452242;0.566198;0.998969
492.0;0.0;0.0;0.0;0.0;0.0;0.208457;0.0;0.090702;0.0;0.0;1.2e-05;0.0;0.0;0.0;0.029925;0.797452;0.152533;0.0;0.0;0.0;0.0;0.310941;0.458964;0.57457;0.999068
492.5;0.0;0.0;0.0;0.0;0.0;0.119727;0.0;0.157922;0.0;0.0;9e-06;0.0;0.0;0.0;0.026246;0.81961;0.163031;0.0;0.0;0.0;0.0;0.315461;0.465722;0.582954;0.999163
493.0;0.0;0.0;0.0;0.0;0.0;0.000269;0.0;0.001074;0.0;0.0;7e-06;0.0;0.0;0.0;0.022965;0.840896;0.174042;0.0;0.0;0.0;0.0;0.320043;0.472515;0.591347;0.999252
493.5;0.0;0.0;0.0;0.0;0.0;0.0;0.0;0.0;0.0;0.0;5e-06;0.0;0.0;0.0;0.020045;0.861211;0.185574;0.0;0.0;0.0;0.0;0.324683;0.479341;0.599745;0.999336
494.0;0.0;0.0;0.0;0.0;0.0;0.0;0.0;0.0;0.0;0.0;4e-06;0.0;0.0;0.0;0.017454;0.880458;0.197634;0.0;0.0;0.0;0.0;0.329379;0.486199;0.608147;0.999415
494.5;0.0;0.0;0.0;0.0;0.0;0.0;0.0;0.0;0.0;0.0;3e-06;0.0;0.0;0.0;0.015162;0.898545;0.210224;0.0;0.0;0.0;0.0;0.334128;0.493087;0.616547;0.999489
495.0;0.0;0.0;0.0;0.0;0.0;0.0;0.0;0.0;0.0;0.0;2e-06;0.0;0.0;0.0;0.013139;0.915384;0.223349;0.0;0.0;0.0;0.0;0.338928;0.500004;0.624944;0.999558
495.5;0.0;0.0;0.0;0.0;0.0;0.0;0.0;0.0;0.0;0.0;2e-06;0.0;0.0;0.0;0.011359;0.930891;0.237008;0.0;0.0;0.0;0.0;0.343776;0.506947;0.633334;0.999622
496.0;0.0;0.0;0.0;0.0;0.0;0.0;0.0;0.0;0.0;0.0;1e-06;0.0;0.0;0.0;0.009796;0.944988;0.251202;0.0;0.0;0.0;0.0;0.348671;0.513917;0.641713;0.999681
496.5;0.0;0.0;0.0;0.0;0.0;0.0;0.0;0.0;0.0;0.0;1e-06;0.0;0.0;0.0;0.008428;0.957603;0.265927;0.0;0.0;0.0;0.0;0.353612;0.520909;0.650078;0.999734
497.0;0.0;0.0;0.0;0.0;0.0;0.0;0.0;0.0;0.0;0.0;1e-06;0.0;0.0;0.0;0.007233;0.968673;0.281177;0.0;0.0;0.0;0.0;0.358596;0.527924;0.658426;0.999783
497.5;0.0;0.0;0.0;0.0;0.0;0.0;0.0;0.0;0.0;0.0;0.0;0.0;0.0;0.0;0.006193;0.97814;0.296945;0.0;0.0;0.0;0.0;0.363621;0.53496;0.666753;0.999827
498.0;0.0;0.0;0.0;0.0;0.0;0.0;0.0;0.0;0.0;0.0;0.0;0.0;0.0;0.0;0.00529;0.985954;0.313222;0.0;0.0;0.0;0.0;0.368688;0.542014;0.675056;0.999866
498.5;0.0;0.0;0.0;0.0;0.0;0.0;0.0;0.0;0.0;0.0;0.0;0.0;0.0;0.0;0.004508;0.992075;0.329996;0.0;0.0;0.0;0.0;0.373794;0.549085;0.683331;0.999899
499.0;0.0;0.0;0.0;0.0;0.0;0.0;0.0;0.0;0.0;0.0;0.0;0.0;0.0;0.0;0.003832;0.99647;0.34725;0.0;0.0;0.0;0.0;0.378938;0.556171;0.691575;0.999928
499.5;0.0;0.0;0.0;0.0;0.0;0.0;0.0;0.0;0.0;0.0;0.0;0.0;0.0;0.0;0.003249;0.999116;0.364969;0.0;0.0;0.0;0.0;0.38412;0.563271;0.699785;0.999952
500.0;0.0;0.0;0.0;0.0;0.0;0.0;0.0;0.0;0.0;0.0;0.0;0.0;0.0;0.0;0.002749;1.0;0.383133;0.0;0.0;0.0;0.0;0.389338;0.570382;0.707955;0.999972
500.5;0.0;0.0;0.0;0.0;0.0;1e-06;0.0;0.0;0.0;0.0;0.0;0.0;0.0;0.0;0.00232;0.999116;0.401718;0.0;0.0;0.0;0.0;0.394591;0.577503;0.716084;0.999986
501.0;0.0;0.0;0.0;0.0;0.0;0.007266;0.0;0.0;0.0;0.0;0.0;0.0;0.0;0.0;0.001953;0.99647;0.4207;0.0;0.0;0.0;0.0;0.399878;0.584632;0.724167;0.999995
501.5;0.0;0.0;0.0;0.0;0.0;0.352417;0.0;0.0;0.0;0.0;0.0;1e-06;1e-06;0.0;0.00164;0.992075;0.440051;0.0;0.0;0.0;0.0;0.405199;0.591767;0.732201;1.0
502.0;0.0;0.0;0.0;0.0;0.0;0.066771;0.0;0.0;0.0;0.0;0.0;1e-06;1e-06;0.0;0.001374;0.985954;0.459741;0.0;0.0;0.0;0.0;0.410553;0.598905;0.740182;1.0
502.5;0.0;0.0;0.0;0.0;0.0;4.9e-05;0.0;0.0;0.0;0.0;0.0;1e-06;1e-06;0.0;0.001149;0.97814;0.479736;0.0;0.0;0.0;0.0;0.415939;0.606046;0.748106;0.999995
503.0;0.0;0.0;0.0;0.0;0.0;0.0;0.0;0.0;0.0;0.0;0.0;1e-06;1e-06;0.0;0.000958;0.968673;0.5;0.0;0.0;0.0;0.0;0.421356;0.613187;0.75597;0.999985
503.5;0.0;0.0;0.0;0.0;0.0;0.0;0.0;0.0;0.0;0.0;0.0;2e-06;2e-06;0.0;0.000797;0.957603;0.520496;0.0;0.0;0.0;0.0;0.426803;0.620327;0.76377;0.999971
504.0;0.0;0.0;0.0;0.0;0.0;0.0;0.0;0.0;0.0;0.0;0.0;3e-06;3e-06;0.0;0.000661;0.944988;0.541182;0.0;0.0;0.0;0.0;0.432279;0.627462;0.771503;0.999952
504.5;0.0;0.0;0.0;0.0;0.0;0.0;0.0;0.0;0.0;0.0;0.0;4e-06;4e-06;0.0;0.000547;0.930891;0.562017;0.0;0.0;0.0;0.0;0.437784;0.634591;0.779165;0.999928
505.0;0.0;0.0;0.0;0.0;0.0;0.0;0.0;0.0;0.0;0.0;0.0;5e-06;5e-06;0.0;0.000452;0.915384;0.582954;0.0;0.0;0.0;0.0;0.443317;0.641713;0.786751;0.999899
505.5;0.0;0.0;0.0;0.0;0.0;0.0;0.0;0.0;0.0;0.0;0.0;7e-06;7e-06;0.0;0.000372;0.898545;0.603946;0.0;0.0;0.0;0.0;0.448877;0.648824;0.794259;0.999866
506.0;0.0;0.0;0.0;0.0;0.0;0.0;0.0;0.0;0.0;0.0;0.0;1e-05;1e-05;0.0;0.000306;0.880458;0.624944;0.0;0.0;0.0;0.0;0.454463;0.655924;0.801685;0.999828
506.5;0.0;0.0;0.0;0.0;0.0;0.0;0.0;0.0;0.0;0.0;0.0;1.4e-05;1.3e-05;0.0;0.000251;0.861211;0.645898;0.0;0.0;0.0;0.0;0.460075;0.663009;0.809025;0.999785
507.0;0.0;0.0;0.0;0.0;0.0;0.0;0.0;0.0;0.0;0.0;0.0;1.9e-05;1.8e-05;0.0;0.000205;0.840896;0.666753;0.0;0.0;0.0;0.0;0.465712;0.670078;0.816275;0.999738
507.5;0.0;0.0;0.0;0.0;0.0;0.0;0.0;0.0;1e-06;0.0;0.0;2.5e-05;2.4e-05;0.0;0.000168;0.81961;0.687458;0.0;0.0;0.0;0.0;0.471372;0.677128;0.823433;0.999687
508.0;0.0;0.0;0.0;0.0;0.0;0.0;0.0;0.0;0.007266;0.0;0.0;3.4e-05;3.2e-05;0.0;0.000136;0.797452;0.707955;0.0;0.0;0.0;0.0;0.477055;0.684157;0.830494;0.99963
508.5;0.0;0.0;0.0;0.0;0.0;0.0;0.0;0.0;0.352417;0.0;0.0;4.5e-05;4.3e-05;0.0;0.000111;0.774522;0.72819;0.0;0.0;0.0;0.0;0.48276;0.691164;0.837455;0.99957
509.0;0.0;0.0;0.0;0.0;0.0;0.0;0.0;0.0;0.066771;0.0;0.0;6e-05;5.7e-05;0.0;9e-05;0.750922;0.748106;0.0;0.0;0.0;0.0;0.488487;0.698146;0.844312;0.999504
509.5;0.0;0.0;0.0;0.0;0.0;0.0;0.0;0.0;4.9e-05;0.0;0.0;8e-05;7.6e-05;0.0;7.2e-05;0.726755;0.767645;0.0;0.0;0.0;0.0;0.494234;0.7051;0.851062;0.999434
510.0;0.0;0.0;0.0;0.0;0.0;0.0;0.0;0.0;0.0;0.0;0.0;0.000105;0.0001;0.0;5.8e-05;0.702123;0.786751;0.0;0.0;0.0;0.0;0.500001;0.712025;0.857701;0.99936
510.5;0.0;0.0;0.0;0.0;0.0;0.0;0.0;0.0;0.0;0.0;0.0;0.000138;0.000131;0.0;4.7e-05;0.677128;0.805366;0.0;0.0;0.0;0.0;0.505786;0.718918;0.864226;0.999281
511.0;0.0;0.0;0.0;0.0;0.0;0.0;0.0;0.0;0.0;0.0;0.0;0.00018;0.000172;0.0;3.8e-05;0.651869;0.823433;0.0;0.0;0.0;0.0;0.511589;0.725778;0.870634;0.999198
511.5;0.0;0.0;0.0;0.0;0.0;0.0;0.0;0.0;0.0;0.0;0.0;0.000234;0.000223;0.0;3e-05;0.626443;0.840896;0.0;0.0;0.0;0.0;0.517409;0.732601;0.876921;0.99911
512.0;0.0;0.0;0.0;0.0;0.0;0.0;0.0;0.0;0.0;0.0;0.0;0.000303;0.000289;0.0;2.4e-05;0.600946;0.857701;0.0;0.0;0.0;0.0;0.523244;0.739386;0.883084;0.999018
512.5;0.0;0.0;0.0;0.0;0.0;0.0;0.0;0.0;0.0;0.0;0.0;0.000391;0.000373;0.0;1.9e-05;0.575467;0.873793;0.0;0.0;0.0;0.0;0.529095;0.746131;0.88912;0.998922
513.0;0.0;0.0;0.0;0.0;0.0;0.0;0.0;0.0;0.0;0.0;0.0;0.000502;0.000479;0.0;1.5e-05;0.550096;0.88912;0.0;0.0;0.0;0.0;0.534959;0.752832;0.895025;0.998821
513.5;0.0;0.0;0.0;0.0;0.0;0.0;0.0;0.0;0.0;0.0;0.0;0.000642;0.000613;0.0;1.2e-05;0.524914;0.903631;0.0;0.0;0.0;0.0;0.540836;0.759488;0.900797;0.998716
514.0;0.0;0.0;0.0;0.0;0.0;0.0;0.0;0.0;0.0;0.0;0.0;0.000817;0.000781;0.0;1e-05;0.5;0.917279;0.0;0.0;0.0;0.0;0.546726;0.766098;0.906431;0.998606
514.5;0.0;0.0;0.0;0.0;0.0;0.0;0.0;0.0;0.0;0.0;0.0;0.001036;0.00099;0.0;8e-06;0.475427;0.930017;0.0;0.0;0.0;0.0;0.552626;0.772657;0.911927;0.998492
515.0;0.0;0.0;0.0;0.0;0.0;0.0;0.0;0.0;0.0;0.0;0.0;0.001309;0.00125;0.0;6e-06;0.451263;0.941801;0.0;0.0;0.0;0.0;0.558536;0.779165;0.917279;0.998374
515.5;0.0;0.0;0.0;0.0;0.0;0.0;0.0;0.0;0.0;0.0;0.0;0.001645;0.001572;0.0;5e-06;0.427571;0.952592;0.0;0.0;0.0;0.0;0.564455;0.785618;0.922486;0.998252
516.0;0.0;0.0;0.0;0.0;0.0;0.0;0.0;0.0;0.0;0.0;0.0;0.00206;0.001967;0.0;4e-06;0.404406;0.962352;0.0;0.0;0.0;0.0;0.570382;0.792015;0.927544;0.998094
516.5;0.0;0.0;0.0;0.0;0.0;0.0;0.0;0.0;0.0;0.0;0.0;0.002567;0.002452;0.0;3e-06;0.381821;0.971047;0.0;0.0;0.0;0.0;0.576315;0.798354;0.932451;0.923142
517.0;0.0;0.0;0.0;0.0;0.0;0.0;0.0;0.0;0.0;0.0;0.0;0.003186;0.003044;0.0;2e-06;0.359861;0.978645;0.0;0.0;0.0;0.0;0.582255;0.804631;0.937205;0.929824
517.5;0.0;0.0;0.0;0.0;0.0;0.0;0.0;0.0;0.0;0.0;0.0;0.003938;0.003762;0.0;2e-06;0.338564;0.985122;0.0;0.0;0.0;0.0;0.588199;0.810846;0.941801;0.907897
518.0;0.0;0.0;0.0;0.0;0.0;0.0;0.0;0.0;0.0;0.0;0.0;0.004846;0.004629;0.0;1e-06;0.317965;0.990452;0.0;0.0;0.0;0.0;0.594146;0.816995;0.946239;0.960324
518.5;0.0;0.0;0.0;0.0;0.0;0.0;0.0;0.0;0.0;0.0;0.0;0.005939;0.005673;0.0;1e-06;0.298091;0.994618;0.0;0.0;0.0;0.0;0.600095;0.823077;0.950515;0.801029
519.0;0.0;0.0;0.0;0.0;0.0;0.0;0.0;0.0;0.0;0.0;0.0;0.007246;0.006921;0.0;1e-06;0.278966;0.997604;0.0;0.0;0.0;0.0;0.606046;0.82909;0.954628;0.993227
519.5;0.0;0.0;0.0;0.0;0.0;0.0;0.0;0.0;0.0;0.0;0.0;0.008803;0.008409;0.0;1e-06;0.260607;0.999401;0.0;0.0;0.0;0.0;0.611997;0.83503;0.958574;0.99712
520.0;0.0;0.0;0.0;0.0;0.0;0.0;0.0;0.0;0.0;0.0;0.0;0.010649;0.010173;0.0;0.0;0.243026;1.0;0.0;0.0;0.0;0.0;0.617947;0.840896;0.962352;0.99696
520.5;0.0;0.0;0.0;0.0;0.0;0.0;0.0;0.0;0.0;0.0;0.0;0.012828;0.012254;0.0;0.0;0.226231;0.999401;0.0;0.0;0.0;0.0;0.623895;0.846687;0.965959;0.996796
521.0;0.0;0.0;0.0;0.0;0.0;0.0;0.0;0.0;0.0;0.0;0.0;0.015386;0.014697;0.0;0.0;0.210224;0.997604;0.0;0.0;0.0;0.0;0.629839;0.852399;0.969394;0.996627
521.5;0.0;0.0;0.0;0.0;0.0;0.0;0.0;0.0;0.0;0.0;0.0;0.018376;0.017553;0.0;0.0;0.195005;0.994618;0.0;0.0;0.0;0.0;0.635779;0.85803;0.972655;0.996455
522.0;0.0;0.0;0.0;0.0;0.0;0.0;0.0;0.0;0.0;0.0;0.0;0.021853;0.020874;0.0;0.0;0.180568;0.990452;0.0;0.0;0.0;0.0;0.641713;0.863579;0.975739;0.996279
522.5;0.0;0.0;0.0;0.0;0.0;0.0;0.0;0.0;0.0;0.0;0.0;0.025877;0.024718;0.0;0.0;0.166904;0.985122;0.0;0.0;0.0;0.0;0.64764;0.869043;0.978645;0.996098
523.0;0.0;0.0;0.0;0.0;0.0;0.0;0.0;0.0;0.0;0.0;0.0;0.03051;0.029144;0.0;0.0;0.154002;0.978645;0.0;0.0;0.0;0.0;0.653559;0.874421;0.981372;0.995914
523.5;0.0;0.0;0.0;0.0;0.0;0.0;0.0;0.0;0.0;0.0;0.0;0.03582;0.034216;0.0;0.0;0.141846;0.971047;0.0;0.0;0.0;0.0;0.659468;0.87971;0.983917;0.995726
524.0;0.0;0.0;0.0;0.0;0.0;0.0;0.0;0.0;0.0;0.0;0.0;0.041875;0.04;0.0;0.0;0.130419;0.962352;0.0;0.0;0.0;0.0;0.665367;0.884908;0.98628;0.995533
524.5;0.0;0.0;0.0;0.0;0.0;0.0;0.0;0.0;0.0;0.0;0.0;0.048744;0.046561;0.0;0.0;0.1197;0.952592;0.0;0.0;0.0;0.0;0.671254;0.890014;0.988459;0.995337
525.0;0.0;0.0;0.0;0.0;0.0;0.0;0.0;0.0;0.0;0.0;0.0;0.056498;0.053968;0.0;0.0;0.109669;0.941801;0.0;0.0;0.0;0.0;0.677128;0.895025;0.990452;0.995137
525.5;0.0;0.0;0.0;0.0;0.0;0.0;0.0;0.0;0.0;0.0;0.0;0.065205;0.062285;0.0;0.0;0.1003;0.930017;0.0;0.0;0.0;0.0;0.682987;0.89994;0.992259;0.994933
526.0;0.0;0.0;0.0;0.0;0.0;0.0;0.0;0.0;0.0;0.0;0.0;0.074933;0.071578;0.0;0.0;0.09157;0.917279;0.0;0.0;0.0;0.0;0.688831;0.904756;0.993879;0.994725
526.5;0.0;0.0;0.0;0.0;0.0;0.0;0.0;0.0;0.0;0.0;0.0;0.085744;0.081905;0.0;0.0;0.083452;0.903631;0.0;0.0;0.0;0.0;0.694658;0.909471;0.99531;0.994459
527.0;0.0;0.0;0.0;0.0;0.0;0.0;0.0;0.0;0.0;0.0;0.0;0.097697;0.093322;0.0;0.0;0.075919;0.88912;0.0;0.0;0.0;0.0;0.700467;0.914085;0.996552;0.874981
527.5;0.0;0.0;0.0;0.0;0.0;0.0;0.0;0.0;0.0;0.0;0.0;0.11084;0.105877;0.0;0.0;0.068945;0.873793;0.0;0.0;0.0;0.0;0.706256;0.918594;0.997604;0.994023
528.0;0.0;0.0;0.0;0.0;0.0;0.0;0.0;0.0;0.0;0.0;0.0;0.125215;0.119608;0.0;0.0;0.0625;0.857701;0.0;0.0;0.0;0.0;0.712025;0.922998;0.998466;0.993854
528.5;0.0;0.0;0.0;0.0;0.0;0.0;0.0;0.0;0.0;0.0;0.0;0.14085;0.134543;0.0;0.0;0.056558;0.840896;0.0;0.0;0.0;0.0;0.717772;0.927295;0.999137;0.993627
529.0;0.0;0.0;0.0;0.0;0.0;0.0;0.0;0.0;0.0;0.0;0.0;0.157761;0.150697;0.0;0.0;0.05109;0.823433;0.0;0.0;0.0;0.0;0.723495;0.931482;0.999616;0.993396
529.5;0.0;0.0;0.0;0.0;0.0;0.0;0.0;0.0;0.0;0.0;0.0;0.175948;0.16807;0.0;0.0;0.046069;0.805366;0.0;0.0;0.0;0.0;0.729194;0.935559;0.999904;0.993161
530.0;0.0;0.0;0.0;0.0;0.0;0.0;0.0;0.0;0.0;0.0;0.0;0.195394;0.186645;0.0;0.0;0.041469;0.786751;0.0;0.0;0.0;0.0;0.734867;0.939523;1.0;0.992923
530.5;0.0;0.0;0.0;0.0;0.0;0.0;0.0;0.0;0.0;0.0;0.0;0.216062;0.206388;0.0;0.0;0.037261;0.767645;0.0;0.0;0.0;0.0;0.740513;0.943373;0.999904;0.99268
531.0;0.0;0.0;0.0;0.0;0.0;0.0;0.0;0.0;0.0;0.0;0.0;0.237896;0.227244;0.0;0.0;0.033422;0.748106;0.0;0.0;0.0;0.0;0.746131;0.947107;0.999616;0.992435
531.5;0.0;0.0;0.0;0.0;0.0;0.0;0.0;0.0;0.0;0.0;0.0;0.260819;0.249141;0.0;0.0;0.029925;0.72819;0.0;0.0;0.0;0.0;0.751718;0.950725;0.999137;0.992185
532.0;0.0;0.0;0.0;0.0;0.0;0.0;0.0;0.0;0.0;0.0;0.0;0.28473;0.271981;0.0;0.0;0.026747;0.707955;0.0;0.0;0.0;0.0;0.757275;0.954224;0.998466;0.991932
532.5;0.0;0.0;0.0;0.0;0.0;0.0;0.0;0.0;0.0;0.0;0.0;0.309505;0.295647;0.0;0.0;0.023864;0.687458;0.0;0.0;0.0;0.0;0.762799;0.957603;0.997604;0.991675
533.0;0.0;0.0;0.0;0.0;0.0;0.0;0.0;0.0;0.0;0.0;0.0;0.335;0.32;0.0;0.0;0.021254;0.666753;0.0;0.0;0.0;0.0;0.76829;0.960861;0.996552;0.991414
533.5;0.0;0.0;0.0;0.0;0.0;0.0;0.0;0.0;0.0;0.0;0.0;0.361047;0.344881;0.0;0.0;0.018896;0.645898;0.0;0.0;0.0;0.0;0.773745;0.963997;0.99531;0.99115
534.0;0.0;0.0;0.0;0.0;0.0;0.0;0.0;0.0;0.0;0.0;0.0;0.387457;0.370109;0.0;0.0;0.01677;0.624944;0.0;0.0;0.0;0.0;0.779165;0.967008;0.993879;0.990882
534.5;0.0;0.0;0.0;0.0;0.0;0.0;0.0;0.0;0.0;0.0;0.0;0.414025;0.395486;0.0;0.0;0.014857;0.603946;0.0;0.0;0.0;0.0;0.784546;0.969895;0.992259;0.990611
535.0;0.0;0.0;0.0;0.0;0.0;0.0;0.0;0.0;0.0;0.0;0.0;0.440525;0.4208;0.0;0.0;0.013139;0.582954;0.0;0.0;0.0;0.0;0.789889;0.972655;0.990452;0.990336
535.5;0.0;0.0;0.0;0.0;0.0;0.0;0.0;0.0;0.0;0.0;0.0;0.46672;0.445822;0.0;0.0;0.011599;0.562017;0.0;0.0;0.0;0.0;0.795192;0.975288;0.988459;0.990057
536.0;0.0;0.0;0.0;0.0;0.0;0.0;0.0;0.0;0.0;0.0;0.0;0.492361;0.470315;0.0;0.0;0.010222;0.541182;0.0;0.0;0.0;0.0;0.800453;0.977792;0.98628;0.989775
536.5;0.0;0.0;0.0;0.0;0.0;0.0;0.0;0.0;0.0;0.0;0.0;0.517194;0.494036;0.0;0.0;0.008992;0.520496;0.0;0.0;0.0;0.0;0.805672;0.980167;0.983917;0.98949
537.0;0.0;0.0;0.0;0.0;0.0;0.0;0.0;0.0;0.0;0.0;0.0;0.540959;0.516737;0.0;0.0;0.007896;0.5;1e-06;0.0;0.0;0.0;0.810846;0.982412;0.981372;0.989201
537.5;0.0;0.0;0.0;0.0;0.0;0.0;0.0;0.0;0.0;0.0;0.0;0.563401;0.538174;0.0;0.0;0.006921;0.479736;1e-06;0.0;0.0;0.0;0.815975;0.984525;0.978645;0.988908
538.0;0.0;0.0;0.0;0.0;0.0;0.0;0.0;0.0;0.0;0.0;0.0;0.584268;0.558107;0.0;0.0;0.006056;0.459741;1e-06;0.0;0.0;0.0;0.821058;0.986506;0.975739;0.988612
538.5;0.0;0.0;0.0;0.0;0.0;0.0;0.0;0.0;0.0;0.0;0.0;0.603321;0.576307;0.0;0.0;0.00529;0.440051;2e-06;0.0;0.0;0.0;0.826092;0.988354;0.972655;0.988313
539.0;0.0;0.0;0.0;0.0;0.0;0.0;0.0;0.0;0.0;0.0;0.0;0.620336;0.59256;0.0;0.0;0.004613;0.4207;2e-06;0.0;0.0;0.0;0.831078;0.990068;0.969394;0.98801
539.5;0.0;0.0;0.0;0.0;0.0;0.0;0.0;0.0;0.0;0.0;0.0;0.635107;0.60667;0.0;0.0;0.004015;0.401718;3e-06;0.0;0.0;0.0;0.836013;0.991648;0.965959;0.987704
540.0;0.0;0.0;0.0;0.0;0.0;0.0;0.0;0.0;0.0;0.0;0.0;0.647454;0.618464;0.0;0.0;0.003488;0.383133;4e-06;0.0;0.0;0.0;0.840896;0.993092;0.962352;0.987394
540.5;0.0;0.0;0.0;0.0;0.0;0.0;0.0;0.0;0.0;0.0;0.0;0.657223;0.627795;0.0;0.0;0.003025;0.364969;6e-06;0.0;0.0;0.0;0.845727;0.994401;0.958574;0.987081
541.0;0.0;0.0;0.0;0.0;0.0;0.0;0.0;0.0;0.0;0.0;0.0;0.664291;0.634547;0.0;0.0;0.002619;0.34725;8e-06;0.0;0.0;0.0;0.850503;0.995574;0.954628;0.986765
541.5;0.0;0.0;0.0;0.0;0.0;0.0;0.0;0.0;0.0;0.0;0.0;0.668568;0.638632;0.0;0.0;0.002264;0.329996;1.1e-05;0.0;0.0;0.0;0.855224;0.996609;0.950515;0.986445
542.0;0.0;0.0;0.0;0.0;0.0;0.0;0.0;0.0;0.0;0.0;0.0;0.67;0.64;0.0;0.0;0.001953;0.313222;1.5e-05;0.0;0.0;0.0;0.859889;0.997508;0.946239;0.986122
542.5;0.0;0.0;0.0;0.0;0.0;0.0;0.0;0.0;0.0;0.0;0.0;0.668568;0.638632;0.0;0.0;0.001682;0.296945;2.1e-05;0.0;0.0;0.0;0.864496;0.998269;0.941801;0.985796
543.0;0.0;0.0;0.0;0.0;0.0;0.0;0.0;0.0;0.0;0.0;0.0;0.664291;0.634547;0.0;0.0;0.001446;0.281177;2.8e-05;0.0;0.0;0.0;0.869043;0.998892;0.937205;0.985466
543.5;0.0;0.0;0.0;0.0;0.0;0.0;0.0;0.0;0.0;0.0;0.0;0.657223;0.627795;0.0;0.0;0.001241;0.265927;3.8e-05;0.0;0.0;0.0;0.873531;0.999376;0.932451;0.985133
544.0;0.0;0.0;0.0;0.0;0.0;0.0;0.0;0.0;0.0;0.0;0.0;0.647454;0.618464;0.0;0.0;0.001063;0.251202;5.1e-05;0.0;0.0;0.0;0.877957;0.999723;0.927544;0.984797
544.5;0.0;0.0;0.0;0.0;0.0;0.0;0.0;0.0;0.0;0.0;0.0;0.635107;0.60667;0.0;0.0;0.000909;0.237008;6.7e-05;0.0;0.0;0.0;0.882321;0.999931;0.922486;0.984458
545.0;0.0;1e-06;0.0;0.0;0.0;0.0;0.0;0.0;0.0;0.0;1e-06;0.620336;0.59256;0.0;0.0;0.000776;0.223349;9e-05;0.0;0.0;0.0;0.886621;1.0;0.917279;0.984115
545.5;0.0;0.018165;0.0;0.0;0.0;0.0;0.0;0.0;0.0;0.0;0.007381;0.608304;0.581658;0.0;0.0;0.000661;0.210224;0.000119;0.0;0.0;0.0;0.890856;0.999931;0.911927;0.983769
546.0;0.0;0.881043;0.0;0.0;0.0;0.0;0.0;0.0;0.0;0.0;0.35801;0.825925;0.817664;0.0;0.0;0.000562;0.197634;0.000156;0.0;0.0;0.0;0.895025;0.999723;0.906431;0.98342
546.5;0.0;0.166926;0.0;0.0;0.0;0.0;0.0;0.0;0.0;0.0;0.06783;0.609186;0.587351;0.0;0.0;0.000478;0.185574;0.000205;0.0;0.0;0.0;0.899127;0.999376;0.900797;0.983068
547.0;0.0;0.000124;0.0;0.0;0.0;0.0;0.0;0.0;0.0;0.0;5e-05;0.540993;0.516773;0.0;0.0;0.000405;0.174042;0.000268;0.0;0.0;0.0;0.903161;0.998892;0.895025;0.982713
547.5;0.0;0.0;0.0;0.0;0.0;0.0;0.0;0.0;0.0;0.0;0.0;0.517194;0.494036;0.0;0.0;0.000343;0.163031;0.000349;0.0;0.0;0.0;0.907126;0.998269;0.88912;0.982354
548.0;0.0;0.0;0.0;0.0;0.0;0.0;0.0;0.0;0.0;0.0;0.0;0.492361;0.470315;0.0;0.0;0.000289;0.152533;0.000452;0.0;0.0;0.0;0.911021;0.997508;0.883084;0.981993
548.5;0.0;0.0;0.0;0.0;0.0;0.0;0.0;0.0;0.0;0.0;0.0;0.46672;0.445822;0.0;0.0;0.000244;0.142541;0.000583;0.0;0.0;0.0;0.914844;0.996609;0.876921;0.981628
549.0;0.0;0.0;0.0;0.0;0.0;0.0;0.0;0.0;0.0;0.0;0.0;0.440525;0.4208;0.0;0.0;0.000205;0.133043;0.000749;0.0;0.0;0.0;0.918594;0.995574;0.870634;0.98126
549.5;0.0;0.0;0.0;0.0;0.0;0.0;0.0;0.0;0.0;0.0;0.0;0.414025;0.395486;0.0;0.0;0.000172;0.124029;0.000958;0.0;0.0;0.0;0.922272;0.994401;0.864226;0.980889
550.0;0.0;0.0;0.0;0.0;0.0;0.0;0.0;0.0;0.0;0.0;0.0;0.387457;0.370109;0.0;0.0;0.000145;0.115488;0.00122;0.0;0.0;0.0;0.925875;0.993092;0.857701;0.980515
550.5;0.0;0.0;0.0;0.0;0.0;0.0;0.0;0.0;0.0;0.0;0.0;0.361047;0.344881;0.0;0.0;0.000121;0.107406;0.001547;0.0;0.0;0.0;0.929402;0.991648;0.851062;0.980138
551.0;0.0;0.0;0.0;0.0;0.0;0.0;0.0;0.0;0.0;0.0;0.0;0.335;0.32;0.0;0.0;0.000101;0.099769;0.001953;0.0;0.0;0.0;0.932853;0.990068;0.844312;0.979758
551.5;0.0;0.0;0.0;0.0;0.0;0.0;0.0;0.0;0.0;0.0;0.0;0.309505;0.295647;0.0;0.0;8.4e-05;0.092565;0.002456;0.0;0.0;0.0;0.936227;0.988354;0.837455;0.979375
552.0;0.0;0.0;0.0;0.0;0.0;0.0;0.0;0.0;0.0;0.0;0.0;0.28473;0.271981;0.0;0.0;7e-05;0.085778;0.003074;1e-06;0.0;0.0;0.939523;0.986506;0.830494;0.978989
552.5;0.0;0.0;0.0;0.0;0.0;0.0;0.0;0.0;0.0;0.0;0.0;0.260819;0.249141;0.0;0.0;5.8e-05;0.079393;0.003832;1e-06;0.0;0.0;0.942739;0.984525;0.823433;0.9786
553.0;0.0;0.0;0.0;0.0;0.0;0.0;0.0;0.0;0.0;0.0;0.0;0.237896;0.227244;0.0;0.0;4.9e-05;0.073395;0.004756;1e-06;0.0;0.0;0.945876;0.982412;0.816275;0.978208
553.5;0.0;0.0;0.0;0.0;0.0;0.0;0.0;0.0;0.0;0.0;0.0;0.216062;0.206388;0.0;0.0;4e-05;0.06777;0.005878;2e-06;0.0;0.0;0.948931;0.980167;0.809025;0.977813
554.0;0.0;0.0;0.0;0.0;0.0;0.0;0.0;0.0;0.0;0.0;0.0;0.195394;0.186645;0.0;0.0;3.3e-05;0.0625;0.007233;2e-06;0.0;0.0;0.951905;0.977792;0.801685;0.977416
554.5;0.0;0.0;0.0;0.0;0.0;0.0;0.0;0.0;0.0;0.0;0.0;0.175948;0.16807;0.0;0.0;2.7e-05;0.057571;0.008864;3e-06;0.0;0.0;0.954796;0.975288;0.794259;0.977015
555.0;0.0;0.0;0.0;0.0;0.0;0.0;0.0;0.0;0.0;0.0;1e-06;0.157761;0.150697;0.0;0.0;2.3e-05;0.052967;0.010815;4e-06;0.0;0.0;0.957603;0.972655;0.786751;0.976611
555.5;0.0;0.0;0.0;0.0;0.0;0.0;0.0;0.0;0.0;0.0;1e-06;0.14085;0.134543;0.0;0.0;1.9e-05;0.048673;0.013139;6e-06;0.0;0.0;0.960327;0.969895;0.779165;0.976205
556.0;0.0;0.0;0.0;0.0;0.0;0.0;5e-06;0.0;0.0;0.0;1e-06;0.125215;0.119608;0.0;0.0;1.5e-05;0.044674;0.015895;8e-06;0.0;0.0;0.962965;0.967008;0.771503;0.975795
556.5;0.0;0.0;0.0;0.0;0.0;0.0;0.018457;0.0;0.0;0.0;1e-06;0.11084;0.105877;0.0;0.0;1.3e-05;0.040954;0.019146;1.1e-05;0.0;0.0;0.965518;0.963997;0.76377;0.975383
557.0;0.0;0.0;0.0;0.0;0.0;0.0;0.295313;0.0;0.0;0.0;1e-06;0.097697;0.093322;0.0;0.0;1e-05;0.037498;0.022965;1.5e-05;0.0;0.0;0.967984;0.960861;0.75597;0.974968
557.5;0.0;0.0;0.0;0.0;0.0;0.0;0.018457;0.0;0.0;0.0;2e-06;0.085744;0.081905;0.0;0.0;8e-06;0.034294;0.027427;2.1e-05;0.0;0.0;0.970364;0.957603;0.748106;0.97455
558.0;0.0;0.0;0.0;0.0;0.0;0.0;5e-06;0.0;0.0;0.0;2e-06;0.074933;0.071578;0.0;0.0;7e-06;0.031325;0.032616;2.8e-05;0.0;0.0;0.972655;0.954224;0.740182;0.974129
558.5;0.0;0.0;0.0;0.0;0.0;0.0;0.0;0.0;0.0;0.0;3e-06;0.065205;0.062285;0.0;0.0;6e-06;0.028579;0.038622;3.8e-05;0.0;0.0;0.974858;0.950725;0.732201;0.973706
559.0;0.0;0.0;0.0;0.0;0.0;0.0;0.0;0.0;0.0;0.0;4e-06;0.056498;0.053968;0.0;0.0;5e-06;0.026043;0.045538;5.1e-05;0.0;0.0;0.976972;0.947107;0.724167;0.97328
559.5;0.0;0.0;0.0;0.0;0.0;0.0;0.0;0.0;0.0;0.0;5e-06;0.048744;0.046561;0.0;0.0;4e-06;0.023703;0.053463;6.7e-05;0.0;0.0;0.978996;0.943373;0.716084;0.972851
560.0;0.0;0.0;0.0;0.0;0.0;0.0;0.0;0.0;0.0;0.0;6e-06;0.041875;0.04;0.0;0.0;3e-06;0.021548;0.0625;9e-05;0.0;0.0;0.98093;0.939523;0.707955;0.972419
560.5;0.0;0.0;0.0;0.0;0.0;0.0;0.0;0.0;0.0;0.0;8e-06;0.03582;0.034217;0.0;0.0;2e-06;0.019565;0.072752;0.000119;0.0;0.0;0.982773;0.935559;0.699785;0.971984
561.0;0.0;0.0;0.0;0.0;0.0;0.0;0.0;0.0;0.0;0.0;1e-05;0.03051;0.029144;0.0;0.0;2e-06;0.017743;0.084325;0.000156;0.0;0.0;0.984525;0.931482;0.691575;0.971547
561.5;0.0;0.0;0.0;0.0;0.0;0.0;0.0;0.0;0.0;0.0;1.2e-05;0.025877;0.024718;0.0;0.0;2e-06;0.016072;0.097321;0.000205;0.0;0.0;0.986185;0.927295;0.683331;0.971107
562.0;0.0;0.0;0.0;0.0;0.0;0.0;0.0;0.0;0.0;0.0;1.5e-05;0.021853;0.020874;0.0;0.0;1e-06;0.01454;0.11184;0.000268;0.0;0.0;0.987753;0.922998;0.675056;0.970665
562.5;0.0;0.0;0.0;0.0;0.0;0.0;0.0;0.0;0.0;0.0;1.9e-05;0.018376;0.017553;0.0;0.0;1e-06;0.013139;0.127976;0.000349;0.0;0.0;0.989228;0.918594;0.666753;0.970219
563.0;0.0;0.0;0.0;0.0;0.0;0.0;0.0;0.0;0.0;0.0;2.4e-05;0.015386;0.014697;0.0;0.0;1e-06;0.011859;0.145816;0.000452;0.0;0.0;0.99061;0.914085;0.658426;0.969772
563.5;0.0;0.0;0.0;0.0;0.0;0.0;0.0;0.0;0.0;0.0;2.9e-05;0.012828;0.012254;0.0;0.0;1e-06;0.01069;0.165433;0.000583;0.0;0.0;0.991898;0.909471;0.650078;0.969321
564.0;0.0;0.0;0.0;0.0;0.0;0.0;0.0;0.0;0.0;0.0;3.6e-05;0.01065;0.010173;0.0;0.0;1e-06;0.009625;0.186888;0.000749;0.0;0.0;0.993092;0.904756;0.641713;0.968868
564.5;0.0;0.0;0.0;0.0;0.0;0.0;0.0;0.0;0.0;0.0;4.5e-05;0.008803;0.008409;0.0;0.0;0.0;0.008656;0.210224;0.000958;0.0;0.0;0.994193;0.89994;0.633334;0.968412
565.0;0.0;0.0;0.0;0.0;0.0;0.0;0.0;0.0;0.0;0.0;5.5e-05;0.007246;0.006922;0.0;0.0;0.0;0.007775;0.235464;0.00122;0.0;0.0;0.995198;0.895025;0.624944;0.967954
565.5;0.0;0.0;0.0;0.0;0.0;0.0;0.0;0.0;0.0;0.0;6.8e-05;0.005939;0.005673;0.0;0.0;0.0;0.006975;0.262609;0.001547;0.0;0.0;0.996109;0.890014;0.616547;0.967493
566.0;0.0;0.0;0.0;0.0;0.0;0.0;0.0;0.0;0.0;0.0;8.4e-05;0.004847;0.00463;0.0;0.0;0.0;0.006251;0.291632;0.001953;0.0;0.0;0.996924;0.884908;0.608147;0.967029
566.5;0.0;0.0;0.0;0.0;0.0;0.0;0.0;0.0;0.0;0.0;0.000103;0.003939;0.003763;0.0;0.0;0.0;0.005594;0.322481;0.002456;0.0;0.0;0.997644;0.87971;0.599745;0.966563
567.0;0.0;0.0;0.0;0.0;0.0;0.0;0.0;0.0;0.0;0.0;0.000126;0.003188;0.003045;0.0;0.0;0.0;0.005001;0.355069;0.003074;0.0;0.0;0.998269;0.874421;0.591347;0.966095
567.5;0.0;0.0;0.0;0.0;0.0;0.0;0.0;0.0;0.0;0.0;0.000153;0.002569;0.002454;0.0;0.0;0.0;0.004465;0.389282;0.003832;0.0;0.0;0.998797;0.869043;0.582954;0.965624
568.0;0.0;0.0;4.9e-05;0.0;0.0;0.0;0.0;0.0;0.0;0.0;0.000186;0.002062;0.00197;0.0;0.0;0.0;0.003982;0.42497;0.004756;0.0;0.0;0.99923;0.863579;0.57457;0.96515
568.5;0.0;0.0;0.021769;0.0;0.0;0.0;0.0;0.0;0.0;0.0;0.000226;0.001649;0.001575;0.0;0.0;0.0;0.003547;0.461948;0.005878;0.0;0.0;0.999567;0.85803;0.566197;0.964674
569.0;0.0;0.0;0.037901;0.0;0.0;0.0;0.0;0.0;0.0;0.0;0.000274;0.001313;0.001255;0.0;0.0;0.0;0.003155;0.5;0.007233;0.0;0.0;0.999807;0.852399;0.55784;0.964196
569.5;0.0;0.0;0.000258;0.0;0.0;0.0;0.0;0.0;0.0;0.0;0.000331;0.001043;0.000997;0.0;0.0;0.0;0.002804;0.538876;0.008864;0.0;0.0;0.999952;0.846687;0.549501;0.963715
570.0;0.0;0.0;0.0;0.0;0.0;0.0;0.0;0.0;0.0;0.0;0.000399;0.000826;0.000789;0.0;0.0;0.0;0.002488;0.578295;0.010815;0.0;0.0;1.0;0.840896;0.541182;0.963231
570.5;0.0;0.0;0.0;0.0;0.0;0.0;0.0;0.0;0.0;0.0;0.000481;0.000653;0.000625;0.0;0.0;0.0;0.002206;0.617947;0.013139;0.0;0.0;0.999952;0.83503;0.532888;0.962745
571.0;0.0;0.0;0.0;0.0;0.0;0.0;0.0;0.0;0.0;0.0;0.000577;0.000517;0.000495;0.0;0.0;0.0;0.001953;0.6575;0.015895;0.0;0.0;0.999807;0.82909;0.524619;0.962257
571.5;0.0;0.0;0.0;0.0;0.0;0.0;0.0;0.0;0.0;0.0;0.000692;0.000411;0.000393;0.0;0.0;0.0;0.001727;0.696596;0.019146;1e-06;0.0;0.999567;0.823077;0.51638;0.961767
572.0;0.0;0.0;0.0;0.0;0.0;0.0;0.0;0.0;0.0;0.0;0.000827;0.000329;0.000316;0.0;0.0;0.0;0.001526;0.734867;0.022965;1e-06;0.0;0.99923;0.816995;0.508173;0.961274
572.5;0.0;0.0;0.0;0.0;0.0;0.0;0.0;0.0;0.0;0.0;0.000986;0.000268;0.000258;0.0;0.0;0.0;0.001346;0.771931;0.027427;1e-06;0.0;0.998797;0.810846;0.5;0.960778
573.0;0.0;0.0;0.0;0.0;0.0;0.0;0.0;0.0;0.0;0.0;0.001174;0.000225;0.000217;0.0;0.0;0.0;0.001186;0.807401;0.032616;1e-06;0.0;0.998269;0.804631;0.491864;0.96028
573.5;0.0;0.0;0.0;0.0;0.0;0.0;0.0;0.0;0.0;0.0;0.001394;0.000196;0.00019;0.0;0.0;0.0;0.001044;0.840896;0.038622;2e-06;0.0;0.997644;0.798354;0.483768;0.95978
574.0;0.0;0.0;0.0;0.0;0.0;0.0;0.0;0.0;0.0;0.0;0.001652;0.00018;0.000176;0.0;0.0;0.0;0.000918;0.872042;0.045538;3e-06;0.0;0.996924;0.792015;0.475714;0.959278
574.5;0.0;0.0;0.0;0.0;0.0;0.0;0.0;0.0;0.0;0.0;0.001953;0.000177;0.000174;0.0;0.0;0.0;0.000806;0.90048;0.053463;4e-06;0.0;0.996109;0.785618;0.467704;0.958773
575.0;0.0;0.0;0.0;0.0;0.0;0.0;0.0;0.0;0.0;0.0;0.002304;0.000186;0.000183;0.0;0.0;0.0;0.000706;0.925875;0.0625;5e-06;0.0;0.995198;0.779165;0.459741;0.958266
575.5;0.0;0.0;0.0;0.0;0.0;0.0;0.0;0.0;0.0;0.0;0.002712;0.000206;0.000204;0.0;0.0;0.0;0.000619;0.947922;0.072752;7e-06;0.0;0.994193;0.772657;0.451827;0.957757
576.0;0.0;7e-05;0.0;0.0;0.0;0.0;0.0;0.0;0.0;0.0;0.003225;0.000264;0.000264;0.0;0.0;0.0;0.000541;0.96635;0.084325;9e-06;0.0;0.993092;0.766098;0.443963;0.957245
576.5;0.0;0.095148;0.0;0.0;0.0;0.0;0.0;0.0;0.0;0.0;0.057997;0.034202;0.035896;0.0;0.0;0.0;0.000473;0.98093;0.097321;1.2e-05;0.0;0.991898;0.759488;0.436153;0.956731
577.0;0.0;0.502195;0.0;0.0;0.0;0.0;0.0;0.0;0.0;0.0;0.290772;0.179355;0.188304;0.0;0.0;0.0;0.000413;0.991479;0.11184;1.5e-05;0.0;0.99061;0.752832;0.428398;0.956215
577.5;0.0;0.010354;0.0;0.0;0.0;0.0;0.0;0.0;0.0;0.0;0.010997;0.004123;0.004307;0.0;0.0;0.0;0.00036;0.997863;0.127976;2e-05;0.0;0.989228;0.746131;0.4207;0.955697
578.0;0.0;2e-06;0.0;0.0;0.0;0.0;0.0;0.0;0.0;0.0;0.005928;0.000537;0.000537;0.0;0.0;0.0;0.000313;1.0;0.145816;2.6e-05;0.0;0.987753;0.739386;0.413062;0.955176
578.5;0.0;0.009264;0.0;0.0;0.0;0.0;0.0;0.0;0.0;0.0;0.006885;0.000669;0.000668;0.0;0.0;0.0;0.000272;0.997863;0.165433;3.5e-05;0.0;0.986185;0.732601;0.405484;0.954653
579.0;0.0;0.449332;0.0;0.0;0.0;0.0;0.0;0.0;0.0;0.0;0.007979;0.000832;0.000832;0.0;0.0;0.0;0.000237;0.991479;0.186888;4.5e-05;0.0;0.984525;0.725778;0.397969;0.954128
579.5;0.0;0.085133;0.0;0.0;0.0;0.0;0.0;0.0;0.0;0.0;0.009227;0.001034;0.001034;0.0;0.0;0.0;0.000205;0.98093;0.210224;5.8e-05;0.0;0.982773;0.718918;0.390518;0.953601
580.0;0.0;6.3e-05;0.0;0.0;0.0;0.0;0.0;0.0;0.0;0.0;0.010646;0.001283;0.001282;0.0;0.0;0.0;0.000178;0.96635;0.235464;7.6e-05;0.0;0.98093;0.712025;0.383133;0.953072
580.5;0.0;0.0;0.0;0.0;0.0;0.0;0.0;0.0;0.0;0.0;0.012256;0.001586;0.001586;0.0;0.0;0.0;0.000154;0.947922;0.262609;9.8e-05;0.0;0.978996;0.7051;0.375816;0.952541
581.0;0.0;0.0;0.0;0.0;0.0;0.0;0.0;0.0;0.0;0.0;0.014078;0.001955;0.001955;0.0;0.0;0.0;0.000133;0.925875;0.291632;0.000126;0.0;0.976972;0.698146;0.368567;0.952007
581.5;0.0;0.0;0.0;0.0;0.0;0.0;0.0;0.0;0.0;0.0;0.016136;0.002401;0.002401;0.0;0.0;0.0;0.000115;0.90048;0.322481;0.000161;0.0;0.974858;0.691164;0.361389;0.951471
582.0;0.0;0.0;0.0;0.0;0.0;0.0;0.0;0.0;0.0;0.0;0.018453;0.002941;0.002941;0.0;0.0;0.0;9.9e-05;0.872042;0.355069;0.000205;0.0;0.972655;0.684157;0.354283;0.950933
582.5;0.0;0.0;0.0;0.0;0.0;0.0;0.0;0.0;0.0;0.0;0.021056;0.003589;0.003589;0.0;0.0;0.0;8.5e-05;0.840896;0.389282;0.000261;0.0;0.970364;0.677128;0.34725;0.950394
583.0;0.0;0.0;0.0;0.0;0.0;0.0;0.0;0.0;0.0;0.0;0.023974;0.004365;0.004365;0.0;0.0;0.0;7.3e-05;0.807401;0.42497;0.000331;0.0;0.967984;0.670078;0.340292;0.949852
583.5;0.0;0.0;0.0;0.0;0.0;0.0;0.0;0.0;0.0;0.0;0.027235;0.00529;0.00529;0.0;0.0;0.0;6.3e-05;0.771931;0.461948;0.000418;0.0;0.965518;0.663009;0.333409;0.949307
584.0;0.0;0.0;0.0;0.0;0.0;0.0;0.0;0.0;0.0;0.0;0.030871;0.00639;0.00639;0.0;0.0;0.0;5.4e-05;0.734867;0.5;0.000527;0.0;0.962965;0.655924;0.326602;0.948761
584.5;0.0;0.0;0.0;0.00116;0.0;0.0;0.0;0.0;0.0;0.0;0.034915;0.007692;0.007692;0.0;0.0;0.0;4.6e-05;0.696596;0.538876;0.000661;0.0;0.960327;0.648824;0.319873;0.948213
585.0;0.0;0.0;0.0;0.170556;0.0;0.0;0.0;0.0;0.0;0.0;0.039402;0.009227;0.009227;0.0;0.0;0.0;4e-05;0.6575;0.578295;0.000827;0.0;0.957603;0.641713;0.313222;0.947663
585.5;0.0;0.0;0.0;0.097959;0.0;0.0;0.0;0.0;0.0;0.0;0.044366;0.011029;0.011029;0.0;0.0;0.0;3.4e-05;0.617947;0.617947;0.00103;0.0;0.954796;0.634591;0.306651;0.947111
586.0;0.0;0.0;0.0;0.00022;0.0;0.0;1e-06;0.0;0.0;0.0;0.049845;0.013139;0.013139;0.0;0.0;0.0;2.9e-05;0.578295;0.6575;0.00128;0.0;0.951905;0.627462;0.300161;0.946557
586.5;0.0;0.0;0.0;0.0;0.0;1e-06;0.007266;0.0;0.0;0.0;0.055877;0.015598;0.015598;0.0;0.0;0.0;2.5e-05;0.538876;0.696596;0.001584;0.0;0.948931;0.620327;0.293751;0.946
587.0;0.0;0.0;0.0;0.0;0.0;0.018165;0.352417;0.0;0.0;0.0;0.0625;0.018453;0.018453;0.0;0.0;0.0;2.1e-05;0.5;0.734867;0.001953;0.0;0.945876;0.613187;0.287423;0.945442
587.5;0.0;0.0;0.0;0.0;0.0;0.881043;0.066771;0.0;0.0;0.0;0.069753;0.021755;0.021755;0.0;0.0;0.0;1.8e-05;0.461948;0.771931;0.0024;0.0;0.942739;0.606046;0.281177;0.944882
588.0;0.0;0.0;1.5e-05;0.0;0.0;0.166926;4.9e-05;0.0;0.0;0.0;0.077675;0.025559;0.025559;0.0;0.0;0.0;1.5e-05;0.42497;0.807401;0.00294;1e-06;0.939523;0.598905;0.275014;0.944314
588.5;0.0;0.0;0.061525;0.0;0.0;0.000124;0.0;0.0;0.0;0.0;0.086306;0.029925;0.029925;0.0;0.0;0.0;1.3e-05;0.389282;0.840896;0.003588;1e-06;0.936227;0.591767;0.268935;0.917212
589.0;0.0;0.0;1.0;0.0;0.0;0.0;0.0;0.0;0.0;0.0;0.095683;0.034915;0.034915;0.0;0.0;0.0;1.1e-05;0.355069;0.872042;0.004364;1e-06;0.932853;0.584632;0.262939;0.514926
589.5;0.0;0.0;0.819221;0.0;0.0;0.0;0.0;0.0;0.0;0.0;0.105843;0.040597;0.040597;0.0;0.0;0.0;9e-06;0.322481;0.90048;0.00529;1e-06;0.929402;0.577503;0.257028;0.588134
590.0;0.0;0.0;0.143572;0.0;0.0;0.0;0.0;0.0;0.0;0.0;0.116823;0.047039;0.047039;0.0;0.0;0.0;8e-06;0.291632;0.925875;0.00639;2e-06;0.925875;0.570382;0.251202;0.878147
590.5;0.0;0.0;0.000106;0.0;0.0;0.0;0.0;0.0;0.0;0.0;0.128657;0.054315;0.054315;0.0;0.0;0.0;7e-06;0.262609;0.947922;0.007692;2e-06;0.922272;0.563271;0.245461;0.941434
591.0;0.0;0.0;0.0;0.0;0.0;0.0;0.0;0.0;0.0;0.0;0.141375;0.0625;0.0625;0.0;0.0;0.0;6e-06;0.235464;0.96635;0.009227;3e-06;0.918594;0.556171;0.239805;0.940907
591.5;0.0;0.0;0.0;0.0;0.0;0.0;0.0;0.0;0.0;0.0;0.155006;0.071669;0.071669;0.0;0.0;0.0;5e-06;0.210224;0.98093;0.011029;4e-06;0.914844;0.549084;0.234234;0.940332
592.0;0.0;0.0;0.0;0.0;0.0;0.0;0.0;0.0;0.0;0.0;0.169576;0.0819;0.0819;0.0;0.0;0.0;4e-06;0.186888;0.991479;0.013139;5e-06;0.911021;0.542013;0.228748;0.939755
592.5;0.0;0.0;0.0;0.0;0.0;0.0;0.0;0.0;0.0;0.0;0.185103;0.093266;0.093266;0.0;0.0;0.0;3e-06;0.165433;0.997863;0.015598;7e-06;0.907126;0.534959;0.223349;0.939176
593.0;0.0;0.0;0.0;0.0;0.0;0.0;0.0;0.0;0.0;0.0;0.201605;0.105843;0.105843;0.0;0.0;0.0;3e-06;0.145816;1.0;0.018453;9e-06;0.903161;0.527923;0.218035;0.938595
593.5;0.0;0.0;0.0;3e-06;0.0;0.0;0.0;0.0;0.0;0.0;0.219091;0.1197;0.1197;0.0;0.0;0.0;2e-06;0.127976;0.997863;0.021755;1.2e-05;0.899127;0.520908;0.212806;0.938012
594.0;0.0;0.0;0.0;0.012305;0.0;0.0;0.0;0.0;0.0;0.0;0.237566;0.134904;0.134904;0.0;0.0;0.0;2e-06;0.11184;0.991479;0.025559;1.5e-05;0.895025;0.513914;0.207663;0.937428
594.5;0.0;0.0;0.0;0.196876;0.0;0.0;0.0;0.0;0.0;0.0;0.257028;0.151512;0.151512;0.0;0.0;0.0;2e-06;0.097321;0.98093;0.029925;2e-05;0.890856;0.506945;0.202606;0.936841
595.0;0.0;0.0;0.0;0.012305;0.0;0.0;0.0;0.0;0.0;0.0;0.277469;0.169576;0.169576;0.0;0.0;0.0;1e-06;0.084325;0.96635;0.034915;2.5e-05;0.886621;0.5;0.197634;0.936253
595.5;0.0;0.0;0.0;3e-06;0.0;0.0;0.0;0.0;0.0;0.0;0.298872;0.189137;0.189137;0.0;0.0;0.0;1e-06;0.072752;0.947922;0.040597;3.2e-05;0.882321;0.493082;0.192746;0.935663
596.0;0.0;0.0;0.0;0.0;0.0;0.0;0.0;0.0;0.0;0.0;0.321213;0.210224;0.210224;0.0;0.0;0.0;1e-06;0.0625;0.925875;0.047039;4.1e-05;0.877957;0.486193;0.187944;0.935072
596.5;0.0;0.0;0.0;0.0;0.0;0.0;0.0;0.0;0.0;0.0;0.344458;0.232854;0.232854;0.0;0.0;0.0;1e-06;0.053463;0.90048;0.054315;5.2e-05;0.873531;0.479333;0.183226;0.934478
597.0;0.0;0.0;0.0;0.004178;0.0;0.0;0.0;0.0;0.0;0.0;0.368567;0.257028;0.257028;0.0;0.0;0.0;1e-06;0.045538;0.872042;0.0625;6.6e-05;0.869043;0.472505;0.178592;0.933883
597.5;0.0;0.0;0.0;0.20264;0.0;0.0;0.0;0.0;0.0;0.0;0.39349;0.282731;0.282731;0.0;0.0;0.0;1e-06;0.038622;0.840896;0.071669;8.3e-05;0.864496;0.465709;0.174042;0.933287
598.0;0.0;0.0;0.0;0.038393;0.0;0.0;0.0;0.0;0.0;0.0;0.419168;0.309927;0.309927;0.0;0.0;0.0;0.0;0.032616;0.807401;0.0819;0.000105;0.859889;0.458947;0.169576;0.932688
598.5;0.0;0.0;0.0;2.8e-05;0.0;0.0;0.0;0.0;0.0;0.0;0.445532;0.338564;0.338564;0.0;0.0;0.0;0.0;0.027427;0.771931;0.093266;0.000131;0.855224;0.452221;0.165192;0.932088
599.0;0.0;0.0;0.0;0.0;0.0;0.0;0.0;0.0;0.0;0.0;0.472505;0.368567;0.368567;0.0;0.0;0.0;0.0;0.022965;0.734867;0.105843;0.000164;0.850503;0.445532;0.160891;0.931486
599.5;0.0;0.0;0.0;0.0;0.0;0.0;0.0;0.0;0.0;0.0;0.5;0.399841;0.399841;0.0;0.0;0.0;0.0;0.019146;0.696596;0.1197;0.000205;0.845727;0.43888;0.156671;0.930883
600.0;0.0;0.0;0.0;0.0;0.0;0.0;0.0;0.0;0.0;0.0;0.527923;0.432269;0.432269;0.0;0.0;0.0;0.0;0.015895;0.6575;0.134904;0.000256;0.840896;0.432269;0.152533;0.930277
600.5;0.0;0.0;0.0;0.0;0.0;0.0;0.0;0.0;0.0;0.0;0.556171;0.465709;0.465709;0.0;0.0;0.0;0.0;0.013139;0.617947;0.151512;0.000317;0.836013;0.425697;0.148476;0.929671
601.0;0.0;0.0;0.0;0.0;0.0;0.0;4e-06;0.0;0.0;0.0;0.584632;0.5;0.5;0.0;0.0;0.0;0.0;0.010815;0.578295;0.169576;0.000393;0.831078;0.419168;0.144499;0.929062
601.5;0.0;0.0;0.0;0.0;0.0;0.0;0.015381;0.0;0.0;0.0;0.613187;0.534959;0.534959;0.0;0.0;0.0;0.0;0.008864;0.538876;0.189137;0.000485;0.826092;0.412681;0.140602;0.928452
602.0;0.0;0.0;0.0;0.0;0.0;0.0;0.246095;0.0;0.0;0.0;0.641713;0.570382;0.570382;0.0;0.0;0.0;0.0;0.007233;0.5;0.210224;0.000597;0.821058;0.406239;0.136783;0.92784
602.5;0.0;0.0;0.0;0.0;0.0;0.0;0.015381;0.0;0.0;0.0;0.670078;0.606046;0.606046;0.0;0.0;0.0;0.0;0.005878;0.461948;0.232854;0.000732;0.815975;0.399841;0.133043;0.927227
603.0;0.0;0.0;0.0;0.0;0.0;0.0;4e-06;0.0;0.0;0.0;0.698146;0.641713;0.641713;0.0;0.0;0.0;0.0;0.004756;0.42497;0.257028;0.000896;0.810846;0.39349;0.12938;0.926612
603.5;0.0;0.0;0.0;0.0;0.0;0.0;0.0;0.0;0.0;0.0;0.725778;0.677128;0.677128;0.0;0.0;0.0;0.0;0.003832;0.389282;0.282731;0.001094;0.805672;0.387186;0.125794;0.925996
604.0;0.0;0.0;0.0;0.0;0.0;0.0;0.0;0.0;0.0;0.0;0.752832;0.712025;0.712025;0.0;0.0;0.0;0.0;0.003074;0.355069;0.309927;0.001331;0.800453;0.380931;0.122284;0.925378
604.5;0.0;0.0;0.0;0.0;0.0;0.0;0.0;0.0;0.0;0.0;0.779165;0.746131;0.746131;0.0;0.0;0.0;0.0;0.002456;0.322481;0.338564;0.001614;0.795192;0.374724;0.118849;0.924758
605.0;0.0;0.0;0.0;0.0;0.0;0.0;0.0;0.0;0.0;0.0;0.804631;0.779165;0.779165;0.0;0.0;0.0;0.0;0.001953;0.291632;0.368567;0.001953;0.789889;0.368567;0.115488;0.924137
605.5;0.0;0.0;0.0;0.0;0.0;0.0;0.0;0.0;0.0;0.0;0.82909;0.810846;0.810846;0.0;0.0;0.0;0.0;0.001547;0.262609;0.399841;0.002356;0.784546;0.362462;0.112201;0.923514
606.0;0.0;0.0;0.0;0.0;0.0;0.0;0.0;0.0;0.0;0.0;0.852399;0.840896;0.840896;0.0;0.0;0.0;0.0;0.00122;0.235464;0.432269;0.002834;0.779165;0.356408;0.108986;0.92289
606.5;0.0;0.0;0.0;3.7e-05;0.0;0.0;0.0;0.0;0.0;0.0;0.874421;0.869043;0.869043;0.0;0.0;0.0;0.0;0.000958;0.210224;0.465709;0.0034;0.773745;0.350406;0.105843;0.922265
607.0;0.0;0.0;0.0;0.050078;0.0;0.0;0.0;0.0;0.0;0.0;0.895025;0.895025;0.895025;0.0;0.0;0.0;0.0;0.000749;0.186888;0.5;0.004066;0.76829;0.344458;0.102771;0.921638
607.5;0.0;0.0;0.0;0.264313;0.0;0.0;0.0;0.0;0.0;0.0;0.914085;0.918594;0.918594;0.0;0.0;0.0;0.0;0.000583;0.165433;0.534959;0.004849;0.762799;0.338564;0.099769;0.921009
608.0;0.0;0.0;0.0;0.005449;0.0;0.0;0.0;0.0;0.0;0.0;0.931482;0.939523;0.939523;0.0;0.0;0.0;0.0;0.000452;0.145816;0.570382;0.005767;0.757275;0.332724;0.096837;0.920379
608.5;0.0;0.0;0.0;0.0;0.0;0.0;0.0;0.0;0.0;0.0;0.947107;0.957603;0.957603;0.0;0.0;0.0;0.0;0.000349;0.127976;0.606046;0.006838;0.751718;0.32694;0.093972;0.919747
609.0;0.0;0.0;0.0;0.0;0.0;0.0;0.0;0.0;0.0;0.0;0.960861;0.972655;0.972655;0.0;0.0;0.0;0.0;0.000268;0.11184;0.641713;0.008086;0.746131;0.321213;0.091175;0.919114
609.5;0.0;0.0;0.0;0.0;0.0;0.0;0.0;0.0;0.0;0.0;0.972655;0.984525;0.984525;0.0;0.0;0.0;0.0;0.000205;0.097321;0.677128;0.009533;0.740513;0.315541;0.088443;0.91848
610.0;0.0;0.0;0.0;0.0;0.0;0.0;0.0;0.0;0.0;0.0;0.982412;0.993092;0.993092;0.0;0.0;0.0;0.0;0.000156;0.084325;0.712025;0.011208;0.734867;0.309927;0.085778;0.917844
610.5;0.0;0.0;0.0;0.0;0.0;0.0;0.0;0.0;0.0;0.0;0.990068;0.998269;0.998269;0.0;0.0;0.0;0.0;0.000119;0.072752;0.746131;0.013139;0.729194;0.30437;0.083176;0.917207
611.0;0.0;0.0;0.0;0.0;0.0;0.0;0.0;0.0;0.0;0.0;0.995574;1.0;1.0;0.0;0.0;0.0;0.0;9e-05;0.0625;0.779165;0.015359;0.723495;0.298872;0.080638;0.916568
611.5;0.0;0.0;0.0;0.0;0.0;0.0;0.0;0.0;0.0;0.0;0.998892;0.998269;0.998269;0.0;0.0;0.0;0.0;6.7e-05;0.053463;0.810846;0.017902;0.717772;0.293432;0.078163;0.915928
612.0;0.0;0.0;0.0;0.0;0.0;0.0;0.0;0.0;0.0;0.0;1.0;0.993092;0.993092;0.0;0.0;0.0;0.0;5.1e-05;0.045538;0.840896;0.020807;0.712025;0.288052;0.075749;0.915286
612.5;0.0;0.0;0.0;0.0;0.0;0.0;0.0;0.0;0.0;0.0;0.998892;0.984525;0.984525;0.0;0.0;0.0;0.0;3.8e-05;0.038622;0.869043;0.024114;0.706256;0.282731;0.073395;0.914643
613.0;0.0;0.0;0.0;0.0;0.0;0.0;0.0;0.0;0.0;0.0;0.995574;0.972655;0.972655;0.0;0.0;0.0;0.0;2.8e-05;0.032616;0.895025;0.027867;0.700467;0.277469;0.071101;0.913999
613.5;0.0;0.0;0.0;0.000138;0.0;0.0;0.0;0.0;0.0;0.000185;0.990068;0.957603;0.957603;0.0;0.0;0.0;0.0;2.1e-05;0.027427;0.918594;0.032112;0.694658;0.272268;0.068866;0.913354
614.0;0.0;0.0;0.0;0.061678;0.0;0.0;0.0;0.0;0.0;0.082359;0.982412;0.939523;0.939523;0.0;0.0;0.0;0.0;1.5e-05;0.022965;0.939523;0.036898;0.688831;0.267127;0.066688;0.912707
614.5;0.0;0.0;1.1e-05;0.107387;0.0;0.0;0.0;0.0;0.0;0.143396;0.972655;0.918594;0.918594;0.0;0.0;0.0;0.0;1.1e-05;0.019146;0.957603;0.042275;0.682987;0.262047;0.064566;0.912058
615.0;0.0;0.0;0.015023;0.00073;0.0;0.0;0.0;0.0;0.0;0.000975;0.960861;0.895025;0.895025;0.0;0.0;0.0;0.0;8e-06;0.015895;0.972655;0.048298;0.677128;0.257028;0.0625;0.911409
615.5;0.0;0.0;0.080565;2.5e-05;0.0;0.0;0.0;0.0;0.0;0.0;0.947107;0.869043;0.869043;0.0;0.0;0.0;0.0;6e-06;0.013139;0.984525;0.055021;0.671254;0.252071;0.060488;0.910758
616.0;0.0;0.0;0.063308;0.033385;0.0;0.0;0.0;0.0;0.0;0.0;0.931482;0.840896;0.840896;0.0;0.0;0.0;0.0;4e-06;0.010815;0.993092;0.0625;0.665367;0.247174;0.05853;0.910106
616.5;0.0;0.0;0.011685;0.176209;0.0;0.0;0.0;0.0;0.0;0.0;0.914085;0.810846;0.810846;0.0;0.0;0.0;0.0;3e-06;0.008864;0.998269;0.070793;0.659468;0.242339;0.056625;0.909452
617.0;0.0;0.0;9e-06;0.003633;0.0;0.0;0.0;0.0;0.0;0.0;0.895025;0.779165;0.779165;0.0;0.0;0.0;0.0;2e-06;0.007233;1.0;0.079957;0.653559;0.237566;0.054771;0.908797
617.5;0.0;0.0;0.0;0.0;0.0;0.0;0.0;0.0;0.0;0.0;0.874421;0.746131;0.746131;0.0;0.0;0.0;0.0;2e-06;0.005878;0.998269;0.090049;0.64764;0.232854;0.052967;0.908141
618.0;0.0;0.0;0.0;0.0;0.0;0.0;0.0;0.0;0.0;0.0;0.852399;0.712025;0.712025;0.0;0.0;0.0;0.0;1e-06;0.004756;0.993092;0.101125;0.641713;0.228205;0.051213;0.907484
618.5;0.0;0.0;0.0;0.0;0.0;0.0;0.0;0.0;0.0;0.0;0.82909;0.677128;0.677128;0.0;0.0;0.0;0.0;1e-06;0.003832;0.984525;0.113239;0.635779;0.223617;0.049508;0.906825
619.0;0.0;0.0;0.0;0.0;0.0;0.0;0.0;0.0;0.0;0.0;0.804631;0.641713;0.641713;0.0;0.0;0.0;0.0;1e-06;0.003074;0.972655;0.12644;0.629839;0.219091;0.04785;0.906166
619.5;0.0;0.0;0.0;0.0;0.0;0.0;0.0;0.0;0.0;0.0;0.779165;0.606046;0.606046;0.0;0.0;0.0;0.0;0.0;0.002456;0.957603;0.140777;0.623895;0.214626;0.046239;0.905504
620.0;0.0;0.0;0.0;0.0;0.0;0.0;0.0;0.0;0.0;0.0;0.752832;0.570382;0.570382;0.0;0.0;0.0;0.0;0.0;0.001953;0.939523;0.156292;0.617947;0.210224;0.044674;0.904842
620.5;0.0;0.0;0.0;0.0;0.0;0.0;0.0;0.0;0.0;0.0;0.725778;0.534959;0.534959;0.0;0.0;0.0;0.0;0.0;0.001547;0.918594;0.17302;0.611997;0.205883;0.043153;0.904179
621.0;0.0;0.0;0.0;0.00116;0.0;0.0;0.0;0.0;0.0;0.001463;0.698146;0.5;0.5;0.0;0.0;0.0;0.0;0.0;0.00122;0.895025;0.19099;0.606046;0.201605;0.041676;0.903514
621.5;0.0;0.0;0.0;0.170556;0.0;0.0;0.0;0.0;0.0;0.215093;0.670078;0.465709;0.465709;0.0;0.0;0.0;0.0;0.0;0.000958;0.869043;0.210224;0.600095;0.197387;0.040242;0.902848
622.0;0.0;0.0;0.0;0.097959;0.0;0.0;0.0;0.0;0.0;0.123539;0.641713;0.432269;0.432269;0.0;0.0;0.0;0.0;0.0;0.000749;0.840896;0.230733;0.594146;0.193231;0.03885;0.902181
622.5;0.0;0.0;0.0;0.00022;0.0;0.0;0.0;0.0;0.0;0.000277;0.613187;0.399841;0.399841;0.0;0.0;0.0;0.0;0.0;0.000583;0.810846;0.252519;0.588198;0.189137;0.037498;0.901513
623.0;0.0;0.0;0.0;0.0;0.0;0.0;0.0;0.0;0.0;0.0;0.584632;0.368567;0.368567;0.0;0.0;0.0;0.0;0.0;0.000452;0.779165;0.275571;0.582255;0.185103;0.036187;0.900844
623.5;0.0;0.0;0.0;0.0;0.0;0.0;0.0;0.0;0.0;0.0;0.556171;0.338564;0.338564;0.0;0.0;0.0;0.0;0.0;0.000349;0.746131;0.299867;0.576315;0.18113;0.034915;0.900173
624.0;0.0;0.0;0.0;0.0;0.0;0.0;0.0;0.0;0.0;0.0;0.527923;0.309927;0.309927;0.0;0.0;0.0;0.0;0.0;0.000268;0.712025;0.325373;0.570382;0.177218;0.033681;0.899501
624.5;0.0;0.0;0.0;0.0;0.0;0.0;0.0;0.0;0.0;0.0;0.5;0.282731;0.282731;0.0;0.0;0.0;0.0;0.0;0.000205;0.677128;0.352038;0.564455;0.173367;0.032485;0.898829
625.0;0.0;0.0;0.0;0.0;0.0;0.0;0.0;0.0;0.0;0.0;0.472505;0.257028;0.257028;0.0;0.0;0.0;0.0;0.0;0.000156;0.641713;0.379798;0.558536;0.169576;0.031325;0.898155
625.5;0.0;0.0;0.0;0.0;0.0;0.0;0.0;0.0;0.0;0.0;0.445532;0.232854;0.232854;0.0;0.0;0.0;0.0;0.0;0.000119;0.606046;0.408576;0.552626;0.165844;0.030201;0.89748
626.0;0.0;0.0;0.0;0.004178;0.0;0.0;0.0;0.0;0.0;0.0;0.419168;0.210224;0.210224;0.0;0.0;0.0;0.0;0.0;9e-05;0.570382;0.438278;0.546726;0.162172;0.029111;0.896804
626.5;0.0;0.0;0.0;0.20264;0.0;0.0;0.0;0.0;0.0;0.0;0.39349;0.189137;0.189137;0.0;0.0;0.0;0.0;0.0;6.7e-05;0.534959;0.468794;0.540836;0.15856;0.028056;0.896126
627.0;0.0;0.0;0.0;0.038393;0.0;0.0;0.0;0.0;0.0;0.0;0.368567;0.169576;0.169576;0.0;0.0;0.0;0.0;0.0;5.1e-05;0.5;0.5;0.534959;0.155006;0.027033;0.8948
627.5;0.0;0.0;0.0;2.8e-05;0.0;0.0;0.0;0.0;0.0;0.0;0.344458;0.151512;0.151512;0.0;0.0;0.0;0.0;0.0;3.8e-05;0.465709;0.531758;0.529094;0.151512;0.026043;0.829015
628.0;0.0;0.0;0.0;0.0;0.0;0.0;0.0;0.0;0.0;0.0;0.321213;0.134904;0.134904;0.0;0.0;0.0;0.0;0.0;2.8e-05;0.432269;0.563917;0.523244;0.148075;0.025084;0.894087
628.5;0.0;0.0;0.0;0.0;0.0;0.0;0.0;0.0;0.0;0.0;0.298872;0.1197;0.1197;0.0;0.0;0.0;0.0;0.0;2.1e-05;0.399841;0.596309;0.517408;0.144696;0.024156;0.893407
629.0;0.0;0.0;0.0;0.0;0.0;0.0;0.0;0.0;0.0;0.0;0.277469;0.105843;0.105843;0.0;0.0;0.0;0.0;0.0;1.5e-05;0.368567;0.628759;0.511588;0.141375;0.023258;0.892724
629.5;0.0;0.0;0.0;6e-06;0.0;0.0;0.0;0.0;0.0;0.0;0.257028;0.093266;0.093266;0.0;0.0;0.0;0.0;0.0;1.1e-05;0.338564;0.661078;0.505785;0.138111;0.022388;0.89204
630.0;0.0;0.0;0.0;0.024609;0.0;0.0;0.0;0.0;0.0;0.0;0.237566;0.0819;0.0819;0.0;0.0;0.0;0.0;0.0;8e-06;0.309927;0.693071;0.5;0.134904;0.021548;0.891356
630.5;0.0;0.0;0.0;0.393751;0.0;0.0;0.0;0.0;0.0;0.0;0.219091;0.071669;0.071669;0.0;0.0;0.0;0.0;0.0;6e-06;0.282731;0.724533;0.494233;0.131752;0.020734;0.89067
631.0;0.0;0.0;0.0;0.024609;0.0;0.0;0.0;0.0;0.0;0.0;0.201605;0.0625;0.0625;0.0;0.0;0.0;0.0;0.0;4e-06;0.257028;0.755258;0.488486;0.128657;0.019948;0.889984
631.5;0.0;0.0;0.0;6e-06;0.0;0.0;0.0;0.0;0.0;0.0;0.185103;0.054315;0.054315;0.0;0.0;0.0;0.0;0.0;3e-06;0.232854;0.785034;0.482759;0.125617;0.019188;0.889296
632.0;0.0;0.0;0.0;0.0;0.0;0.0;0.0;0.0;0.0;0.0;0.169576;0.047039;0.047039;0.0;0.0;0.0;0.0;0.0;2e-06;0.210224;0.813649;0.477053;0.122631;0.018453;0.888607
632.5;0.0;0.0;0.0;3.7e-05;0.0;0.0;0.0;0.0;0.0;0.0;0.155006;0.040597;0.040597;0.0;0.0;0.0;0.0;0.0;2e-06;0.189137;0.840896;0.47137;0.1197;0.017743;0.887918
633.0;0.0;0.0;0.0;0.050078;0.0;0.0;0.0;0.0;0.0;0.0;0.141375;0.034915;0.034915;0.0;0.0;0.0;0.0;0.0;1e-06;0.169576;0.86657;0.465709;0.116823;0.017057;0.887227
633.5;0.0;0.0;0.0;0.264313;0.0;0.0;0.0;0.0;0.0;0.0;0.128657;0.029925;0.029925;0.0;0.0;0.0;0.0;0.0;1e-06;0.151512;0.890474;0.460072;0.114;0.016394;0.886536
634.0;0.0;0.0;0.0;0.005449;0.0;0.0;0.0;0.0;0.0;0.0;0.116823;0.025559;0.025559;0.0;0.0;0.0;0.0;0.0;1e-06;0.134904;0.912419;0.454459;0.111229;0.015754;0.885843
634.5;0.0;0.0;0.0;0.0;0.0;0.0;0.0;0.0;0.0;0.0;0.105843;0.021755;0.021755;0.0;0.0;0.0;0.0;0.0;0.0;0.1197;0.932232;0.448872;0.10851;0.015137;0.88515
635.0;0.0;0.0;0.0;0.0;0.0;0.0;0.0;0.0;0.0;0.0;0.095683;0.018453;0.018453;0.0;0.0;0.0;0.0;0.0;0.0;0.105843;0.94975;0.44331;0.105843;0.01454;0.884455
635.5;0.0;0.0;0.0;0.0;0.0;0.0;0.0;0.0;0.0;0.0;0.086306;0.015598;0.015598;0.0;0.0;0.0;0.0;0.0;0.0;0.093266;0.96483;0.437776;0.103228;0.013965;0.88376
636.0;0.0;0.0;0.0;0.0;0.0;0.0;0.0;0.0;0.0;0.0;0.077675;0.013139;0.013139;0.0;0.0;0.0;0.0;0.0;0.0;0.0819;0.977347;0.432269;0.100663;0.013409;0.883064
636.5;0.0;0.0;0.0;0.0;0.0;0.0;0.0;0.0;0.0;0.0;0.069753;0.011029;0.011029;0.0;0.0;0.0;0.0;0.0;0.0;0.071669;0.987194;0.42679;0.098148;0.012874;0.882366
637.0;0.0;0.0;0.0;0.0;0.0;0.0;0.0;0.0;0.0;0.0;0.0625;0.009227;0.009227;0.0;0.0;0.0;0.0;0.0;0.0;0.0625;0.994288;0.42134;0.095683;0.012357;0.881668
637.5;0.0;0.0;0.0;0.000407;0.0;0.0;0.0;0.0;0.0;0.000554;0.055877;0.007692;0.007692;0.0;0.0;0.0;0.0;0.0;0.0;0.054315;0.998569;0.415919;0.093266;0.011859;0.88097
638.0;0.0;0.0;0.0;0.181405;0.0;0.0;0.0;0.0;0.0;0.247077;0.049845;0.00639;0.00639;0.0;0.0;0.0;0.0;0.0;0.0;0.047039;1.0;0.410529;0.090898;0.011378;0.88027
638.5;0.0;0.0;0.0;0.315844;0.0;0.0;0.0;0.0;0.0;0.430187;0.044366;0.00529;0.00529;0.0;0.0;0.0;0.0;0.0;0.0;0.040597;0.998569;0.405169;0.088578;0.010915;0.879569
639.0;0.0;0.0;0.0;0.002148;0.0;0.0;0.0;0.0;0.0;0.002926;0.039402;0.004364;0.004364;0.0;0.0;0.0;0.0;0.0;0.0;0.034915;0.994288;0.399841;0.086306;0.010469;0.878867
639.5;0.0;0.0;0.0;0.002879;0.0;0.0;0.0;0.0;0.0;0.003657;0.034915;0.003588;0.003588;0.0;0.0;0.0;0.0;0.0;0.0;0.029925;0.987194;0.394546;0.08408;0.010039;0.878165
640.0;0.0;0.0;0.0;0.423231;0.0;0.0;0.0;0.0;0.0;0.537733;0.030871;0.00294;0.00294;0.0;0.0;0.0;0.0;0.0;0.0;0.025559;0.977347;0.389282;0.0819;0.009625;0.877462
640.5;0.0;0.0;0.0;0.243082;0.0;0.0;0.0;0.0;0.0;0.308847;0.027235;0.0024;0.0024;0.0;0.0;0.0;0.0;0.0;0.0;0.021755;0.96483;0.384052;0.079765;0.009227;0.876758
641.0;0.0;0.0;0.0;0.000545;0.0;0.0;0.0;0.0;0.0;0.000693;0.023974;0.001953;0.001953;0.0;0.0;0.0;0.0;0.0;0.0;0.018453;0.94975;0.378856;0.077675;0.008843;0.876053
641.5;0.0;0.0;0.0;0.0;0.0;0.0;0.0;0.0;0.0;0.0;0.021056;0.001584;0.001584;0.0;0.0;0.0;0.0;0.0;0.0;0.015598;0.932232;0.373694;0.07563;0.008473;0.875347
642.0;0.0;0.0;0.0;0.0;0.0;0.0;0.0;0.0;0.0;0.0;0.018453;0.00128;0.00128;0.0;0.0;0.0;0.0;0.0;0.0;0.013139;0.912419;0.368567;0.073628;0.008117;0.87464
642.5;0.0;0.0;0.0;0.0;0.0;0.0;0.0;0.0;0.0;0.0;0.016136;0.00103;0.00103;0.0;0.0;0.0;0.0;0.0;0.0;0.011029;0.890474;0.363476;0.071669;0.007775;0.873933
643.0;0.0;0.0;0.0;0.0;0.0;0.0;0.0;0.0;0.000814;0.0;0.014078;0.000827;0.000827;0.0;0.0;0.0;0.0;0.0;0.0;0.009227;0.86657;0.35842;0.069753;0.007446;0.873225
643.5;0.0;0.0;0.0;0.0;0.0;0.0;0.0;0.0;0.36281;0.0;0.012256;0.000661;0.000661;0.0;0.0;0.0;0.0;0.0;0.0;0.007692;0.840896;0.3534;0.067879;0.007129;0.872516
644.0;0.0;0.0;0.0;0.0;0.0;0.0;0.0;0.0;0.631688;0.0;0.010646;0.000527;0.000527;0.0;0.0;0.0;0.0;0.0;0.0;0.00639;0.813649;0.348417;0.066045;0.006825;0.871806
644.5;0.0;0.0;0.0;0.0;0.0;0.0;0.0;0.0;0.004296;0.0;0.009227;0.000418;0.000418;0.0;0.0;0.0;0.0;0.0;0.0;0.00529;0.785034;0.343472;0.064253;0.006532;0.871095
645.0;0.0;0.0;0.0;0.0;0.0;0.0;0.0;0.0;0.0;0.0;0.007979;0.000331;0.000331;0.0;0.0;0.0;0.0;0.0;0.0;0.004364;0.755258;0.338564;0.0625;0.006251;0.870384
645.5;0.0;0.0;0.0;0.0;0.0;0.0;0.0;0.0;0.0;0.0;0.006885;0.000261;0.000261;0.0;0.0;0.0;0.0;0.0;0.0;0.003588;0.724533;0.333694;0.060787;0.00598;0.869672
646.0;0.0;0.0;0.0;0.0;0.0;0.0;0.0;0.0;0.0;0.0;0.005927;0.000205;0.000205;0.0;0.0;0.0;0.0;0.0;0.0;0.00294;0.693071;0.328862;0.059112;0.00572;0.868959
646.5;0.0;0.0;0.0;0.0;0.0;0.0;0.0;0.0;0.0;0.0;0.005092;0.000161;0.000161;0.0;0.0;0.0;0.0;0.0;0.0;0.0024;0.661078;0.324069;0.057476;0.005471;0.868246
647.0;0.0;0.0;0.0;0.0;0.0;0.0;0.0;0.0;0.0;0.0;0.004364;0.000126;0.000126;0.0;0.0;0.0;0.0;0.0;0.0;0.001953;0.628759;0.319316;0.055877;0.005231;0.867531
647.5;0.0;0.0;0.0;0.0;0.0;0.0;0.0;0.0;0.0;0.0;0.003733;9.8e-05;9.8e-05;0.0;0.0;0.0;0.0;0.0;0.0;0.001584;0.596309;0.314601;0.054315;0.005001;0.866816
648.0;0.0;0.0;0.0;0.0;0.0;0.0;0.0;0.0;0.0;0.0;0.003185;7.6e-05;7.6e-05;0.0;0.0;0.0;0.0;0.0;0.0;0.00128;0.563917;0.309927;0.05279;0.00478;0.8661
648.5;0.0;0.0;0.0;0.0;0.0;0.0;0.0;0.0;0.0;0.0;0.002712;5.8e-05;5.8e-05;0.0;0.0;0.0;0.0;0.0;0.0;0.00103;0.531758;0.305292;0.0513;0.004568;0.865384
649.0;0.0;0.0;0.0;0.0;0.0;0.0;0.0;0.0;0.0;0.0;0.002304;4.5e-05;4.5e-05;0.0;0.0;0.0;0.0;0.0;0.0;0.000827;0.5;0.300698;0.049845;0.004364;0.864667
649.5;0.0;0.0;0.0;1e-06;0.0;0.0;0.0;0.0;0.0;2e-06;0.001953;3.5e-05;3.5e-05;0.0;0.0;0.0;0.0;0.0;0.0;0.000661;0.468794;0.296145;0.048425;0.004169;0.863949
650.0;0.0;0.0;0.0;0.018165;0.0;0.0;0.0;0.0;0.0;0.020617;0.001652;2.6e-05;2.6e-05;0.0;0.0;0.0;0.0;0.0;0.0;0.000527;0.438278;0.291632;0.047039;0.003982;0.86323
650.5;0.0;0.0;0.0;0.881043;0.0;0.0;0.0;0.0;0.0;1.0;0.001394;2e-05;2e-05;0.0;0.0;0.0;0.0;0.0;0.0;0.000418;0.408576;0.287161;0.045686;0.003802;0.862511
651.0;0.0;0.0;0.0;0.166926;0.0;0.0;0.0;0.0;0.0;0.189465;0.001174;1.5e-05;1.5e-05;0.0;0.0;0.0;0.0;0.0;0.0;0.000331;0.379798;0.282731;0.044366;0.00363;0.861791
651.5;0.0;0.0;0.0;0.000124;0.0;0.0;0.0;0.0;0.0;0.00014;0.000986;1.2e-05;1.2e-05;0.0;0.0;0.0;0.0;0.0;0.0;0.000261;0.352038;0.278342;0.043078;0.003465;0.861071
652.0;0.0;0.0;0.0;0.0;0.0;0.0;0.0;0.0;0.0;0.0;0.000827;9e-06;9e-06;0.0;0.0;0.0;0.0;0.0;0.0;0.000205;0.325373;0.273995;0.041822;0.003307;0.86035
652.5;0.0;0.0;0.0;0.0;0.0;0.0;0.0;0.0;0.0;0.0;0.000692;7e-06;7e-06;0.0;0.0;0.0;0.0;0.0;0.0;0.000161;0.299867;0.26969;0.040597;0.003155;0.859628
653.0;0.0;0.0;0.0;0.0;0.0;0.0;0.0;0.0;0.0;0.0;0.000577;5e-06;5e-06;0.0;0.0;0.0;0.0;0.0;0.0;0.000126;0.275571;0.265427;0.039402;0.00301;0.858905
653.5;0.0;0.0;0.0;0.0;0.0;0.0;0.0;0.0;0.0;0.0;0.000481;4e-06;4e-06;0.0;0.0;0.0;0.0;0.0;0.0;9.8e-05;0.252519;0.261207;0.038237;0.002871;0.858182
654.0;0.0;0.0;0.0;0.0;0.0;0.0;0.0;0.0;0.0;0.0;0.000399;3e-06;3e-06;0.0;0.0;0.0;0.0;0.0;0.0;7.6e-05;0.230733;0.257028;0.037101;0.002738;0.857458
654.5;0.0;0.0;0.0;0.0;0.0;0.0;0.0;0.0;0.0;0.0;0.000331;2e-06;2e-06;0.0;0.0;0.0;0.0;0.0;0.0;5.8e-05;0.210224;0.252893;0.035994;0.002611;0.856734
655.0;0.0;0.0;0.0;0.0;0.0;0.0;0.0;0.0;0.0;0.0;0.000274;1e-06;1e-06;0.0;0.0;0.0;0.0;0.0;0.0;4.5e-05;0.19099;0.2488;0.034915;0.002488;0.856008
655.5;0.000814;0.0;0.0;0.0;0.0;0.0;0.0;0.0;0.0;0.0;0.000226;1e-06;1e-06;0.0;0.0;0.0;0.0;0.0;0.0;3.5e-05;0.17302;0.244749;0.033864;0.002372;0.853118
656.0;0.36281;0.0;0.0;0.0;0.0;0.0;0.0;0.0;0.0;0.0;0.000186;1e-06;1e-06;0.0;0.0;0.0;0.0;0.0;0.0;2.6e-05;0.156292;0.240741;0.03284;0.00226;0.70501
656.5;0.631688;0.0;0.0;0.0;0.0;0.0;0.0;0.0;0.0;0.0;0.000153;1e-06;1e-06;0.0;0.0;0.0;0.0;0.0;0.0;2e-05;0.140777;0.236776;0.031843;0.002153;0.634222
657.0;0.004296;0.0;0.0;0.0;0.0;0.0;0.0;0.0;0.0;0.0;0.000126;0.0;0.0;0.0;0.0;0.0;0.0;0.0;0.0;1.5e-05;0.12644;0.232854;0.030871;0.002051;0.846246
657.5;0.0;0.0;0.0;0.0;0.0;0.0;0.0;0.0;0.0;0.0;0.000103;0.0;0.0;0.0;0.0;0.0;0.0;0.0;0.0;1.2e-05;0.113239;0.228975;0.029925;0.001953;0.85237
658.0;0.0;0.0;0.0;0.0;0.0;0.0;0.0;0.0;0.0;0.0;8.4e-05;0.0;0.0;0.0;0.0;0.0;0.0;0.0;0.0;9e-06;0.101125;0.225139;0.029004;0.00186;0.851647
658.5;0.0;0.0;0.0;0.0;0.0;0.0;0.0;0.0;0.0;0.0;6.8e-05;0.0;0.0;0.0;0.0;0.0;0.0;0.0;0.0;7e-06;0.090049;0.221346;0.028108;0.00177;0.850917
659.0;0.0;0.0;0.0;4.1e-05;0.0;0.0;0.0;0.0;0.0;0.0;5.5e-05;0.0;0.0;0.0;0.0;0.0;0.0;0.0;0.0;5e-06;0.079957;0.217596;0.027235;0.001685;0.850188
659.5;0.0;0.0;0.0;0.055086;0.0;0.0;0.0;0.0;0.0;0.0;4.5e-05;0.0;0.0;0.0;0.0;0.0;0.0;0.0;0.0;4e-06;0.070793;0.213888;0.026386;0.001603;0.849458
660.0;0.0;0.0;0.0;0.290744;0.0;0.0;0.0;0.0;0.0;0.0;3.6e-05;0.0;0.0;0.0;0.0;0.0;0.0;0.0;0.0;3e-06;0.0625;0.210224;0.025559;0.001526;0.848727
660.5;0.0;0.0;0.0;0.005994;0.0;0.0;0.0;0.0;0.0;0.0;2.9e-05;0.0;0.0;0.0;0.0;0.0;0.0;0.0;0.0;2e-06;0.055021;0.206603;0.024756;0.001451;0.847996
661.0;0.0;0.0;0.0;0.0;0.0;0.0;0.0;0.0;0.0;0.0;2.4e-05;0.0;0.0;0.0;0.0;0.0;0.0;0.0;0.0;1e-06;0.048298;0.203024;0.023974;0.00138;0.847264
661.5;0.0;0.0;0.0;0.0;0.0;0.0;0.0;0.0;0.0;0.0;1.9e-05;0.0;0.0;0.0;0.0;0.0;0.0;0.0;0.0;1e-06;0.042275;0.199488;0.023213;0.001312;0.846532
662.0;0.0;0.0;0.0;0.0;0.0;0.0;0.0;0.0;0.0;0.0;1.5e-05;0.0;0.0;0.0;0.0;0.0;0.0;0.0;0.0;1e-06;0.036898;0.195995;0.022474;0.001248;0.845799
662.5;0.0;0.0;0.0;0.0;0.0;0.0;0.0;0.0;0.0;0.0;1.2e-05;0.0;0.0;0.0;0.0;0.0;0.0;0.0;0.0;1e-06;0.032112;0.192545;0.021755;0.001186;0.845066
663.0;0.0;0.0;0.0;0.0;0.0;0.0;0.0;0.0;0.0;0.0;1e-05;0.0;0.0;0.0;0.0;0.0;0.0;0.0;0.0;0.0;0.027867;0.189137;0.021056;0.001127;0.844332
663.5;0.0;0.0;0.0;0.0;0.0;0.0;0.0;0.0;0.0;0.0;8e-06;0.0;0.0;0.0;0.0;0.0;0.0;0.0;0.0;0.0;0.024114;0.185771;0.020377;0.001071;0.843598
664.0;0.0;0.0;0.0;0.0;0.0;0.0;0.0;0.0;0.0;0.0;6e-06;0.0;0.0;0.0;0.0;0.0;0.0;0.0;0.0;0.0;0.020807;0.182448;0.019717;0.001017;0.842863
664.5;0.0;0.0;0.0;0.0;0.0;0.0;0.0;0.0;0.0;0.0;5e-06;0.0;0.0;0.0;0.0;0.0;0.0;0.0;0.0;0.0;0.017902;0.179167;0.019076;0.000966;0.842128
665.0;0.0;0.0;0.0;0.0;0.0;0.0;0.0;0.0;0.0;0.0;4e-06;0.0;0.0;0.0;0.0;0.0;0.0;0.0;0.0;0.0;0.015359;0.175928;0.018453;0.000918;0.841392
665.5;0.0;0.0;0.0;0.0;0.0;0.0;0.0;0.0;0.0;0.0;3e-06;0.0;0.0;0.0;0.0;0.0;0.0;0.0;0.0;0.0;0.013139;0.172731;0.017848;0.000871;0.840656
666.0;0.0;0.0;0.0;0.0;0.0;0.0;0.0;0.0;0.0;0.0;2e-06;0.0;0.0;0.0;0.0;0.0;0.0;0.0;0.0;0.0;0.011208;0.169576;0.01726;0.000827;0.839919
666.5;0.0;0.0;0.0;0.0;0.0;0.0;0.0;0.0;0.0;0.0;2e-06;0.0;0.0;0.0;0.0;0.0;0.0;0.0;0.0;0.0;0.009533;0.166462;0.01669;0.000785;0.839182
667.0;0.0;0.0;0.0;0.000163;0.0;0.000269;0.0;0.0;0.0;0.0;1e-06;0.0;0.0;0.0;0.0;0.0;0.0;0.0;0.0;0.0;0.008086;0.16339;0.016136;0.000745;0.838444
667.5;0.0;0.0;0.0;0.072562;0.0;0.119727;0.0;0.0;0.0;0.0;1e-06;0.0;0.0;0.0;0.0;0.0;0.0;0.0;0.0;0.0;0.006838;0.160359;0.015598;0.000706;0.837706
668.0;0.0;0.0;0.0;0.126338;0.0;0.208457;0.0;0.0;0.0;0.0;1e-06;0.0;0.0;0.0;0.0;0.0;0.0;0.0;0.0;0.0;0.005767;0.157369;0.015076;0.00067;0.836968
668.5;0.0;0.0;0.0;0.000859;0.0;0.001418;0.0;0.0;0.0;0.0;1e-06;0.0;0.0;0.0;0.0;0.0;0.0;0.0;0.0;0.0;0.004849;0.15442;0.01457;0.000635;0.836229
669.0;0.0;0.0;0.0;0.0;0.0;0.0;0.0;0.0;0.0;0.0;1e-06;0.0;0.0;0.0;0.0;0.0;0.0;0.0;0.0;0.0;0.004066;0.151512;0.014078;0.000603;0.83549
669.5;0.0;0.0;0.0;0.0;0.0;0.0;0.0;0.0;0.0;0.0;0.0;0.0;0.0;0.0;0.0;0.0;0.0;0.0;0.0;0.0;0.0034;0.148644;0.013601;0.000571;0.83475
670.0;0.0;0.0;0.0;0.0;0.0;0.0;0.0;0.0;0.0;0.0;0.0;0.0;0.0;0.0;0.0;0.0;0.0;0.0;0.0;0.0;0.002834;0.145816;0.013139;0.000541;0.83401
670.5;0.0;0.0;0.0;0.0;0.0;0.0;0.0;0.0;0.0;0.0;0.0;0.0;0.0;0.0;0.0;0.0;0.0;0.0;0.0;0.0;0.002356;0.143029;0.012691;0.000513;0.83327
671.0;0.0;0.0;0.0;0.00073;0.0;0.0;0.0;0.0;0.0;0.0;0.0;0.0;0.0;0.0;0.0;0.0;0.0;0.0;0.0;0.0;0.001953;0.140281;0.012256;0.000486;0.832529
671.5;0.0;0.0;0.0;0.107387;0.0;0.0;0.0;0.0;0.0;0.0;0.0;0.0;0.0;0.0;0.0;0.0;0.0;0.0;0.0;0.0;0.001614;0.137572;0.011834;0.00046;0.831788
672.0;0.0;0.0;0.0;0.061678;0.0;0.0;0.0;0.0;0.0;0.0;0.0;0.0;0.0;0.0;0.0;0.0;0.0;0.0;0.0;0.0;0.001331;0.134904;0.011425;0.000436;0.831046
672.5;0.0;0.0;0.0;0.000138;0.0;0.0;0.0;0.0;0.0;0.0;0.0;0.0;0.0;0.0;0.0;0.0;0.0;0.0;0.0;0.0;0.001094;0.132274;0.011029;0.000413;0.830304
673.0;0.0;0.0;0.0;0.0;0.0;0.0;0.0;0.0;0.0;0.0;0.0;0.0;0.0;0.0;0.0;0.0;0.0;0.0;0.0;0.0;0.000896;0.129682;0.010646;0.000391;0.829562
673.5;0.0;0.0;0.0;0.0;0.0;0.0;0.0;0.0;0.0;0.0;0.0;0.0;0.0;0.0;0.0;0.0;0.0;0.0;0.0;0.0;0.000732;0.12713;0.010274;0.00037;0.828819
674.0;0.0;0.0;0.0;0.0;0.0;0.0;0.0;0.0;0.0;0.0;0.0;0.0;0.0;0.0;0.0;0.0;0.0;0.0;0.0;0.0;0.000597;0.124616;0.009913;0.00035;0.828076
674.5;0.0;0.0;0.0;0.0;0.0;0.0;0.0;0.0;0.0;0.0;0.0;0.0;0.0;0.0;0.0;0.0;0.0;0.0;0.0;0.0;0.000485;0.122139;0.009564;0.000331;0.827333
675.0;0.0;0.0;0.0;0.0;0.0;0.0;0.0;0.0;0.0;0.0;0.0;0.0;0.0;0.0;0.0;0.0;0.0;0.0;0.0;0.0;0.000393;0.1197;0.009227;0.000313;0.826589
675.5;0.0;0.0;0.0;0.0;0.0;0.0;0.0;0.0;0.0;0.0;0.0;0.0;0.0;0.0;0.0;0.0;0.0;0.0;0.0;0.0;0.000317;0.117299;0.008899;0.000296;0.825844
676.0;0.0;0.0;0.0;0.0;0.0;0.0;0.0;0.0;0.0;0.0;0.0;0.0;0.0;0.0;0.0;0.0;0.0;0.0;0.0;0.0;0.000256;0.114935;0.008582;0.00028;0.825099
676.5;0.0;0.0;0.0;0.0;0.0;0.0;0.0;0.0;0.0;0.0;0.0;0.0;0.0;0.0;0.0;0.0;0.0;0.0;0.0;0.0;0.000205;0.112608;0.008276;0.000265;0.82435
677.0;0.0;0.0;0.0;0.0;0.0;0.0;0.0;0.0;0.0;0.0;0.0;0.0;0.0;0.0;0.0;0.0;0.0;0.0;0.0;0.0;0.000164;0.110317;0.007979;0.00025;0.823595
677.5;0.0;0.0;0.0;0.0;0.0;0.0;0.0;0.0;0.0;0.0;0.0;0.0;0.0;0.0;0.0;0.0;0.0;0.0;0.0;0.0;0.000131;0.108062;0.007692;0.000237;0.822825
678.0;0.0;0.0;0.0;0.0;0.0;0.0;0.0;0.0;0.0;0.0;0.0;0.0;0.0;0.0;0.0;0.0;0.0;0.0;0.0;0.0;0.000105;0.105843;0.007414;0.000224;0.822019
678.5;0.0;0.0;0.0;0.0;0.0;0.0;0.0;0.0;0.0;0.0;0.0;0.0;0.0;0.0;0.0;0.0;0.0;0.0;0.0;0.0;8.3e-05;0.10366;0.007145;0.000211;0.821135
679.0;0.0;0.0;0.0;0.0;0.0;0.0;0.0;0.0;0.0;0.0;0.0;0.0;0.0;0.0;0.0;0.0;0.0;0.0;0.0;0.0;6.6e-05;0.101512;0.006885;0.0002;0.820095
679.5;0.0;0.0;0.0;0.0;0.0;0.0;0.0;0.0;0.0;0.0;0.0;0.0;0.0;0.0;0.0;0.0;0.0;0.0;0.0;0.0;5.2e-05;0.099399;0.006633;0.000188;0.818755
680.0;0.0;0.0;0.0;0.0;0.0;0.0;0.0;0.0;0.0;0.0;0.0;0.0;0.0;0.0;0.0;0.0;0.0;0.0;0.0;0.0;4.1e-05;0.097321;0.00639;0.000178;0.816882
680.5;0.0;0.0;0.0;0.0;0.0;0.0;0.0;0.0;0.0;0.0;0.0;0.0;0.0;0.0;0.0;0.0;0.0;0.0;0.0;0.0;3.2e-05;0.095276;0.006155;0.000168;0.814125
681.0;0.0;0.0;0.0;0.0;0.0;0.0;0.0;0.0;0.0;0.0;0.0;0.0;0.0;0.0;0.0;0.0;0.0;0.0;0.0;0.0;2.5e-05;0.093266;0.005927;0.000158;0.81001
681.5;0.0;0.0;0.0;0.0;0.0;0.0;0.0;0.0;0.0;0.0;0.0;0.0;0.0;0.0;0.0;0.0;0.0;0.0;0.0;0.0;2e-05;0.09129;0.005708;0.00015;0.803972
682.0;0.0;0.0;0.0;0.0;0.0;0.0;0.0;0.0;0.0;0.0;0.0;0.0;0.0;0.0;0.0;0.0;0.0;0.0;0.0;0.0;1.5e-05;0.089347;0.005495;0.000141;0.795447
682.5;0.0;0.0;0.0;0.0;0.0;0.0;0.0;0.0;0.0;0.0;0.0;0.0;0.0;0.0;0.0;0.0;0.0;0.0;0.0;0.0;1.2e-05;0.087436;0.00529;0.000133;0.784031
683.0;0.0;0.0;0.0;0.0;0.0;0.0;0.0;0.0;0.0;0.0;0.0;0.0;0.0;0.0;0.0;0.0;0.0;0.0;0.0;0.0;9e-06;0.085559;0.005092;0.000126;0.769683
683.5;0.0;0.0;0.0;0.0;0.0;0.0;0.0;0.0;0.0;0.0;0.0;0.0;0.0;0.0;0.0;0.0;0.0;0.0;0.0;0.0;7e-06;0.083713;0.0049;0.000118;0.752922
684.0;0.0;0.0;0.0;0.0;0.0;0.0;0.0;0.0;0.0;0.0;0.0;0.0;0.0;0.0;0.0;0.0;0.0;0.0;0.0;0.0;5e-06;0.0819;0.004715;0.000112;0.734926
684.5;0.0;0.0;0.0;0.0;0.0;0.0;0.0;0.0;0.0;0.0;0.0;0.0;0.0;0.0;0.0;0.0;0.0;0.0;0.0;0.0;4e-06;0.080118;0.004537;0.000105;0.717474
685.0;0.0;0.0;0.0;0.0;0.0;0.0;0.0;0.0;0.0;0.0;0.0;0.0;0.0;0.0;0.0;0.0;0.0;0.0;0.0;0.0;3e-06;0.078367;0.004364;9.9e-05;0.702679
685.5;0.0;0.0;0.0;0.0;0.0;0.0;0.0;0.0;0.0;0.0;0.0;0.0;0.0;0.0;0.0;0.0;0.0;0.0;0.0;0.0;2e-06;0.076647;0.004198;9.3e-05;0.692564
686.0;0.0;0.0;0.0;0.0;0.0;0.0;0.0;0.0;0.0;0.0;0.0;0.0;0.0;0.0;0.0;0.0;0.0;0.0;0.0;0.0;2e-06;0.074958;0.004037;8.8e-05;0.68856
686.5;0.0;0.0;0.0;0.0;0.0;0.0;0.0;0.0;0.0;0.0;0.0;0.0;0.0;0.0;0.0;0.0;0.0;0.0;0.0;0.0;1e-06;0.073299;0.003882;8.3e-05;0.629048
687.0;0.0;0.0;0.0;0.0;0.0;0.0;0.0;0.0;0.0;0.0;0.0;0.0;0.0;0.0;0.0;0.0;0.0;0.0;0.0;0.0;1e-06;0.071669;0.003733;7.8e-05;0.673549
687.5;0.0;0.0;0.0;0.0;0.0;0.0;0.0;0.0;0.0;0.0;0.0;0.0;0.0;0.0;0.0;0.0;0.0;0.0;0.0;0.0;1e-06;0.07007;0.003588;7.3e-05;0.713429
688.0;0.0;0.0;0.0;0.0;0.0;0.0;0.0;0.0;0.0;0.0;0.0;0.0;0.0;0.0;0.0;0.0;0.0;0.0;0.0;0.0;1e-06;0.068499;0.003449;6.9e-05;0.729404
688.5;0.0;0.0;0.0;0.0;0.0;0.0;0.0;0.0;0.0;0.0;0.0;0.0;0.0;0.0;0.0;0.0;0.0;0.0;0.0;0.0;0.0;0.066957;0.003315;6.5e-05;0.745848
689.0;0.0;0.0;0.0;0.0;0.0;0.0;0.0;0.0;0.0;0.0;0.0;0.0;0.0;0.0;0.0;0.0;0.0;0.0;0.0;0.0;0.0;0.065443;0.003185;6.1e-05;0.761001
689.5;0.0;0.0;0.0;0.0;0.0;0.0;0.0;0.0;0.0;0.0;0.0;0.0;0.0;0.0;0.0;0.0;0.0;0.0;0.0;0.0;0.0;0.063958;0.00306;5.8e-05;0.773704
690.0;0.0;0.0;0.0;0.0;0.0;0.0;0.0;0.0;0.0;0.0;0.0;0.0;0.0;0.0;0.0;0.0;0.0;0.0;0.0;0.0;0.0;0.0625;0.00294;5.4e-05;0.783459
690.5;0.0;0.0;0.0;0.0;0.0;0.0;0.0;0.0;0.0;0.0;0.0;0.0;0.0;0.0;0.0;0.0;0.0;0.0;0.0;0.0;0.0;0.06107;0.002824;5.1e-05;0.790321
691.0;0.0;0.0;0.0;0.0;0.0;0.0;0.0;0.0;0.0;0.0;0.0;0.0;0.0;0.0;0.0;0.0;0.0;0.0;0.0;0.0;0.0;0.059666;0.002712;4.8e-05;0.794698
691.5;0.0;0.0;0.0;0.0;0.0;0.0;0.0;0.0;0.0;0.0;0.0;0.0;0.0;0.0;0.0;0.0;0.0;0.0;0.0;0.0;0.0;0.058289;0.002604;4.5e-05;0.797154
692.0;0.0;0.0;0.0;4.9e-05;0.0;0.0;0.0;0.0;0.0;6.3e-05;0.0;0.0;0.0;0.0;0.0;0.0;0.0;0.0;0.0;0.0;0.0;0.056939;0.0025;4.2e-05;0.798251
692.5;0.0;0.0;0.0;0.066771;0.0;0.0;0.0;0.0;0.0;0.085259;0.0;0.0;0.0;0.0;0.0;0.0;0.0;0.0;0.0;0.0;0.0;0.055614;0.0024;4e-05;0.798455
693.0;0.0;0.0;0.0;0.352417;0.0;0.0;0.0;0.0;0.0;0.45;0.0;0.0;0.0;0.0;0.0;0.0;0.0;0.0;0.0;0.0;0.0;0.054315;0.002304;3.7e-05;0.798109
693.5;0.0;0.0;0.0;0.007266;0.0;0.0;0.0;0.0;0.0;0.009278;0.0;0.0;0.0;0.0;0.0;0.0;0.0;0.0;0.0;0.0;0.0;0.053041;0.002211;3.5e-05;0.797437
694.0;0.0;0.0;0.0;1e-06;0.0;0.0;0.0;0.0;0.0;1e-06;0.0;0.0;0.0;0.0;0.0;0.0;0.0;0.0;0.0;0.0;0.0;0.051793;0.002122;3.3e-05;0.796576
694.5;0.0;0.0;0.0;0.0;0.0;0.0;0.0;0.0;0.0;0.0;0.0;0.0;0.0;0.0;0.0;0.0;0.0;0.0;0.0;0.0;0.0;0.050568;0.002036;3.1e-05;0.795598
695.0;0.0;0.0;0.0;0.0;0.0;0.0;0.0;0.0;0.0;0.0;0.0;0.0;0.0;0.0;0.0;0.0;0.0;0.0;0.0;0.0;0.0;0.049368;0.001953;2.9e-05;0.794538
695.5;0.0;0.0;0.0;0.0;5e-06;0.0;0.0;0.0;0.0;7e-06;0.0;0.0;0.0;0.0;0.0;0.0;0.0;0.0;0.0;0.0;0.0;0.048192;0.001873;2.7e-05;0.793407
696.0;0.0;0.0;0.0;0.0;0.020918;0.0;0.0;0.0;0.0;0.027932;0.0;0.0;0.0;0.0;0.0;0.0;0.0;0.0;0.0;0.0;0.0;0.047039;0.001797;2.6e-05;0.792209
696.5;0.0;0.0;0.0;0.0;0.334689;0.0;0.0;0.0;0.0;0.446915;0.0;0.0;0.0;0.0;0.0;0.0;0.0;0.0;0.0;0.0;0.0;0.045909;0.001723;2.4e-05;0.790938
697.0;0.0;0.0;0.0;0.0;0.020918;0.0;0.0;0.0;0.0;0.027932;0.0;0.0;0.0;0.0;0.0;0.0;0.0;0.0;0.0;0.0;0.0;0.044802;0.001652;2.2e-05;0.789588
697.5;0.0;0.0;0.0;0.0;5e-06;0.0;0.0;0.0;0.0;7e-06;0.0;0.0;0.0;0.0;0.0;0.0;0.0;0.0;0.0;0.0;0.0;0.043718;0.001584;2.1e-05;0.78815
698.0;0.0;0.0;0.0;0.0;0.0;0.0;0.0;0.0;0.0;0.0;0.0;0.0;0.0;0.0;0.0;0.0;0.0;0.0;0.0;0.0;0.0;0.042656;0.001518;2e-05;0.786614
698.5;0.0;0.0;0.0;0.0;0.0;0.0;0.0;0.0;0.0;0.0;0.0;0.0;0.0;0.0;0.0;0.0;0.0;0.0;0.0;0.0;0.0;0.041615;0.001455;1.9e-05;0.784971
699.0;0.0;0.0;0.0;0.0;0.0;0.0;0.0;0.0;0.0;0.0;0.0;0.0;0.0;0.0;0.0;0.0;0.0;0.0;0.0;0.0;0.0;0.040597;0.001394;1.7e-05;0.783209
699.5;0.0;0.0;0.0;0.0;0.0;0.0;0.0;0.0;0.0;0.0;0.0;0.0;0.0;0.0;0.0;0.0;0.0;0.0;0.0;0.0;0.0;0.039599;0.001336;1.6e-05;0.781317
700.0;0.0;0.0;0.0;0.0;0.0;0.0;0.0;0.0;0.0;0.0;0.0;0.0;0.0;0.0;0.0;0.0;0.0;0.0;0.0;0.0;0.0;0.038622;0.00128;1.5e-05;0.779285
700.5;0.0;0.0;0.0;0.0;0.0;0.0;0.0;0.0;0.0;0.0;0.0;0.0;0.0;0.0;0.0;0.0;0.0;0.0;0.0;0.0;0.0;0.037665;0.001226;1.4e-05;0.776668
701.0;0.0;0.0;0.0;0.0;0.0;0.0;0.0;0.0;0.0;0.0;0.0;0.0;0.0;0.0;0.0;0.0;0.0;0.0;0.0;0.0;0.0;0.036729;0.001174;1.3e-05;0.773889
701.5;0.0;0.0;0.0;0.0;0.0;0.0;0.0;0.0;0.0;0.0;0.0;0.0;0.0;0.0;0.0;0.0;0.0;0.0;0.0;0.0;0.0;0.035812;0.001124;1.3e-05;0.770938
702.0;0.0;0.0;0.0;0.0;0.0;0.0;0.0;0.0;0.0;0.0;0.0;0.0;0.0;0.0;0.0;0.0;0.0;0.0;0.0;0.0;0.0;0.034915;0.001076;1.2e-05;0.767804
702.5;0.0;0.0;0.0;0.003566;0.0;0.0;0.0;0.0;0.0;0.003901;0.0;0.0;0.0;0.0;0.0;0.0;0.0;0.0;0.0;0.0;0.0;0.034037;0.00103;1.1e-05;0.764476
703.0;0.0;0.0;0.0;0.524301;0.0;0.0;0.0;0.0;0.0;0.573582;0.0;0.0;0.0;0.0;0.0;0.0;0.0;0.0;0.0;0.0;0.0;0.033178;0.000986;1e-05;0.760945
703.5;0.0;0.0;0.0;0.301132;0.0;0.0;0.0;0.0;0.0;0.329436;0.0;0.0;0.0;0.0;0.0;0.0;0.0;0.0;0.0;0.0;0.0;0.032338;0.000944;1e-05;0.757203
704.0;0.0;0.0;0.0;0.000676;0.0;0.0;0.0;0.0;0.0;0.000739;0.0;0.0;0.0;0.0;0.0;0.0;0.0;0.0;0.0;0.0;0.0;0.031516;0.000903;9e-06;0.753242
704.5;0.0;0.0;0.0;0.0;0.0;0.0;0.0;0.0;0.0;0.0;0.0;0.0;0.0;0.0;0.0;0.0;0.0;0.0;0.0;0.0;0.0;0.030712;0.000864;8e-06;0.749058
705.0;0.0;0.0;0.0;0.0;0.0;0.0;0.0;0.0;0.0;0.0;0.0;0.0;0.0;0.0;0.0;0.0;0.0;0.0;0.0;0.0;0.0;0.029925;0.000827;8e-06;0.744646
705.5;0.0;0.0;0.0;0.0;0.0;4e-06;0.0;0.0;0.0;0.0;0.0;0.0;0.0;0.0;0.0;0.0;0.0;0.0;0.0;0.0;0.0;0.029156;0.000791;7e-06;0.740006
706.0;0.0;0.0;0.0;0.0;0.001246;0.016611;0.0;0.0;0.0;0.001707;0.0;0.0;0.0;0.0;0.0;0.0;0.0;0.0;0.0;0.0;0.0;0.028404;0.000756;7e-06;0.735137
706.5;0.0;0.0;0.0;0.0;0.18319;0.265782;0.0;0.0;0.0;0.250942;0.0;0.0;0.0;0.0;0.0;0.0;0.0;0.0;0.0;0.0;0.0;0.027668;0.000723;6e-06;0.730044
707.0;0.0;0.0;0.0;0.0;0.105215;0.016611;0.0;0.0;0.0;0.144128;0.0;0.0;0.0;0.0;0.0;0.0;0.0;0.0;0.0;0.0;0.0;0.026949;0.000692;6e-06;0.724732
707.5;0.0;0.0;0.0;0.0;0.000236;4e-06;0.0;0.0;0.0;0.000323;0.0;0.0;0.0;0.0;0.0;0.0;0.0;0.0;0.0;0.0;0.0;0.026246;0.000661;6e-06;0.719212
708.0;0.0;0.0;0.0;0.0;0.0;0.0;0.0;0.0;0.0;0.0;0.0;0.0;0.0;0.0;0.0;0.0;0.0;0.0;0.0;0.0;0.0;0.025559;0.000632;5e-06;0.713494
708.5;0.0;0.0;0.0;0.0;0.0;0.0;0.0;0.0;0.0;0.0;0.0;0.0;0.0;0.0;0.0;0.0;0.0;0.0;0.0;0.0;0.0;0.024888;0.000604;5e-06;0.707596
709.0;0.0;0.0;0.0;0.0;0.0;0.0;0.0;0.0;0.0;0.0;0.0;0.0;0.0;0.0;0.0;0.0;0.0;0.0;0.0;0.0;0.0;0.024232;0.000577;5e-06;0.701535
709.5;0.0;0.0;0.0;0.0;0.0;0.0;0.0;0.0;0.0;0.0;0.0;0.0;0.0;0.0;0.0;0.0;0.0;0.0;0.0;0.0;0.0;0.023591;0.000552;4e-06;0.695335
710.0;0.0;0.0;0.0;0.0;0.0;0.0;0.0;0.0;0.0;0.0;0.0;0.0;0.0;0.0;0.0;0.0;0.0;0.0;0.0;0.0;0.0;0.022965;0.000527;4e-06;0.68902
710.5;0.0;0.0;0.0;0.0;0.0;0.0;0.0;0.0;0.0;0.0;0.0;0.0;0.0;0.0;0.0;0.0;0.0;0.0;0.0;0.0;0.0;0.022353;0.000503;4e-06;0.682619
711.0;0.0;0.0;0.0;0.0;0.0;0.0;0.0;0.0;0.0;0.0;0.0;0.0;0.0;0.0;0.0;0.0;0.0;0.0;0.0;0.0;0.0;0.021755;0.000481;3e-06;0.676165
711.5;0.0;0.0;0.0;0.0;0.0;0.0;0.0;0.0;0.0;0.0;0.0;0.0;0.0;0.0;0.0;0.0;0.0;0.0;0.0;0.0;0.0;0.021171;0.000459;3e-06;0.66969
712.0;0.0;0.0;0.0;0.0;0.0;0.0;0.0;0.0;0.0;0.0;0.0;0.0;0.0;0.0;0.0;0.0;0.0;0.0;0.0;0.0;0.0;0.020601;0.000438;3e-06;0.663232
712.5;0.0;0.0;0.0;0.0;0.0;0.0;0.0;0.0;0.0;0.0;0.0;0.0;0.0;0.0;0.0;0.0;0.0;0.0;0.0;0.0;0.0;0.020045;0.000418;3e-06;0.656829
713.0;0.0;0.0;0.0;0.0;0.0;0.0;0.0;0.0;0.0;0.0;0.0;0.0;0.0;0.0;0.0;0.0;0.0;0.0;0.0;0.0;0.0;0.019501;0.000399;3e-06;0.650522
713.5;0.0;0.0;0.0;0.0;0.0;0.0;0.0;0.0;0.0;0.0;0.0;0.0;0.0;0.0;0.0;0.0;0.0;0.0;0.0;0.0;0.0;0.018971;0.000381;2e-06;0.644352
714.0;0.0;0.0;0.0;0.0;0.00073;0.0;0.0;0.0;0.0;0.0;0.0;0.0;0.0;0.0;0.0;0.0;0.0;0.0;0.0;0.0;0.0;0.018453;0.000364;2e-06;0.63836
714.5;0.0;0.0;0.0;0.0;0.107387;0.0;0.0;0.0;0.0;0.0;0.0;0.0;0.0;0.0;0.0;0.0;0.0;0.0;0.0;0.0;0.0;0.017948;0.000347;2e-06;0.632589
715.0;0.0;0.0;0.0;0.0;0.061678;0.0;0.0;0.0;0.0;0.0;0.0;0.0;0.0;0.0;0.0;0.0;0.0;0.0;0.0;0.0;0.0;0.017454;0.000331;2e-06;0.62708
715.5;0.0;0.0;0.0;0.0;0.000138;0.0;0.0;0.0;0.0;0.0;0.0;0.0;0.0;0.0;0.0;0.0;0.0;0.0;0.0;0.0;0.0;0.016973;0.000316;2e-06;0.621872
716.0;0.0;0.0;0.0;0.0;0.0;0.0;0.0;0.0;0.0;0.0;0.0;0.0;0.0;0.0;0.0;0.0;0.0;0.0;0.0;0.0;0.0;0.016503;0.000301;2e-06;0.617004
716.5;0.0;0.0;0.0;2.5e-05;0.0;0.0;0.0;0.0;0.0;0.0;0.0;0.0;0.0;0.0;0.0;0.0;0.0;0.0;0.0;0.0;0.0;0.016045;0.000287;2e-06;0.612511
717.0;0.0;0.0;0.0;0.033385;0.0;0.0;0.0;0.0;0.0;0.0;0.0;0.0;0.0;0.0;0.0;0.0;0.0;0.0;0.0;0.0;0.0;0.015598;0.000274;1e-06;0.608426
717.5;0.0;0.0;0.0;0.176209;0.0;0.0;0.0;0.0;0.0;0.0;0.0;0.0;0.0;0.0;0.0;0.0;0.0;0.0;0.0;0.0;0.0;0.015162;0.000261;1e-06;0.604757
718.0;0.0;0.0;0.0;0.003633;0.0;0.0;0.0;0.0;0.0;0.0;0.0;0.0;0.0;0.0;0.0;0.0;0.0;0.0;0.0;0.0;0.0;0.014737;0.000249;1e-06;0.553466
718.5;0.0;0.0;0.0;0.0;0.0;0.0;0.0;0.0;0.0;0.0;0.0;0.0;0.0;0.0;0.0;0.0;0.0;0.0;0.0;0.0;0.0;0.014322;0.000237;1e-06;0.59887
719.0;0.0;0.0;0.0;0.0;0.0;0.0;0.0;0.0;0.0;0.0;0.0;0.0;0.0;0.0;0.0;0.0;0.0;0.0;0.0;0.0;0.0;0.013918;0.000226;1e-06;0.596689
719.5;0.0;0.0;0.0;0.0;0.0;0.0;0.0;0.0;0.0;0.0;0.0;0.0;0.0;0.0;0.0;0.0;0.0;0.0;0.0;0.0;0.0;0.013523;0.000215;1e-06;0.594996
720.0;0.0;0.0;0.0;0.0;0.0;0.0;0.0;0.0;0.0;0.0;0.0;0.0;0.0;0.0;0.0;0.0;0.0;0.0;0.0;0.0;0.0;0.013139;0.000205;1e-06;0.593819
720.5;0.0;0.0;0.0;0.0;0.0;0.0;0.0;0.0;0.0;0.0;0.0;0.0;0.0;0.0;0.0;0.0;0.0;0.0;0.0;0.0;0.0;0.012764;0.000196;1e-06;0.593158
721.0;0.0;0.0;0.0;0.0;0.0;0.0;0.0;0.0;0.0;0.0;0.0;0.0;0.0;0.0;0.0;0.0;0.0;0.0;0.0;0.0;0.0;0.012399;0.000186;1e-06;0.593008
721.5;0.0;0.0;0.0;0.0;0.0;0.0;0.0;0.0;0.0;0.0;0.0;0.0;0.0;0.0;0.0;0.0;0.0;0.0;0.0;0.0;0.0;0.012043;0.000177;1e-06;0.593358
722.0;0.0;0.0;0.0;0.0;0.0;0.0;0.0;0.0;0.0;0.0;0.0;0.0;0.0;0.0;0.0;0.0;0.0;0.0;0.0;0.0;0.0;0.011697;0.000169;1e-06;0.594194
722.5;0.0;0.0;0.0;0.0;0.0;0.0;0.0;0.0;0.0;0.0;0.0;0.0;0.0;0.0;0.0;0.0;0.0;0.0;0.0;0.0;0.0;0.011359;0.000161;1e-06;0.595494
723.0;0.0;0.0;0.0;0.0;0.0;0.0;0.0;0.0;0.0;0.0;0.0;0.0;0.0;0.0;0.0;0.0;0.0;0.0;0.0;0.0;0.0;0.011029;0.000153;1e-06;0.597235
723.5;0.0;0.0;0.0;3e-06;0.0;0.0;0.0;0.0;0.0;0.0;0.0;0.0;0.0;0.0;0.0;0.0;0.0;0.0;0.0;0.0;0.0;0.010709;0.000146;1e-06;0.599387
724.0;0.0;0.0;0.0;0.010459;0.0;0.0;0.0;0.0;0.0;0.0;0.0;0.0;0.0;0.0;0.0;0.0;0.0;0.0;0.0;0.0;0.0;0.010396;0.000139;1e-06;0.601919
724.5;0.0;0.0;0.0;0.167344;0.0;0.0;0.0;0.0;0.0;0.0;0.0;0.0;0.0;0.0;0.0;0.0;0.0;0.0;0.0;0.0;0.0;0.010092;0.000132;0.0;0.604794
725.0;0.0;0.0;0.0;0.010459;0.0;0.0;0.0;0.0;0.0;0.0;0.0;0.0;0.0;0.0;0.0;0.0;0.0;0.0;0.0;0.0;0.0;0.009796;0.000126;0.0;0.607975
725.5;0.0;0.0;0.0;3e-06;0.0;0.0;0.0;0.0;0.0;0.0;0.0;0.0;0.0;0.0;0.0;0.0;0.0;0.0;0.0;0.0;0.0;0.009507;0.000119;0.0;0.611422
726.0;0.0;0.0;0.0;0.0;0.0;0.0;0.0;0.0;0.0;0.0;0.0;0.0;0.0;0.0;0.0;0.0;0.0;0.0;0.0;0.0;0.0;0.009227;0.000114;0.0;0.615094
726.5;0.0;0.0;0.0;0.0;0.000187;0.0;0.0;0.0;0.0;0.0;0.0;0.0;0.0;0.0;0.0;0.0;0.0;0.0;0.0;0.0;0.0;0.008953;0.000108;0.0;0.61895
727.0;0.0;0.0;0.0;0.0;0.083446;0.0;0.0;0.0;0.0;0.0;0.0;0.0;0.0;0.0;0.0;0.0;0.0;0.0;0.0;0.0;0.0;0.008687;0.000103;0.0;0.622947
727.5;0.0;0.0;0.0;0.0;0.145288;0.003088;0.0;0.0;0.0;0.0;0.0;0.0;0.0;0.0;0.0;0.0;0.0;0.0;0.0;0.0;0.0;0.008428;9.8e-05;0.0;0.627044
728.0;0.0;0.0;0.0;0.0;0.000988;0.149777;0.0;0.0;0.0;0.0;0.0;0.0;0.0;0.0;0.0;0.0;0.0;0.0;0.0;0.0;0.0;0.008176;9.3e-05;0.0;0.6312
728.5;0.0;0.0;0.0;0.0;0.0;0.028378;0.0;0.0;0.0;0.0;0.0;0.0;0.0;0.0;0.0;0.0;0.0;0.0;0.0;0.0;0.0;0.00793;8.8e-05;0.0;0.635378
729.0;0.0;0.0;0.0;0.0;0.0;2.1e-05;0.0;0.0;0.0;0.0;0.0;0.0;0.0;0.0;0.0;0.0;0.0;0.0;0.0;0.0;0.0;0.007692;8.4e-05;0.0;0.63954
729.5;0.0;0.0;0.0;0.0;0.0;0.0;0.0;0.0;0.0;0.0;0.0;0.0;0.0;0.0;0.0;0.0;0.0;0.0;0.0;0.0;0.0;0.007459;8e-05;0.0;0.643651
730.0;0.0;0.0;0.0;0.0;0.0;0.0;0.0;0.0;0.0;0.0;0.0;0.0;0.0;0.0;0.0;0.0;0.0;0.0;0.0;0.0;0.0;0.007233;7.6e-05;0.0;0.64768
730.5;0.0;0.0;0.0;0.0;0.0;0.0;0.0;0.0;0.0;0.0;0.0;0.0;0.0;0.0;0.0;0.0;0.0;0.0;0.0;0.0;0.0;0.007014;7.2e-05;0.0;0.651598
731.0;0.0;0.0;0.0;0.0;0.0;0.0;0.0;0.0;0.0;0.0;0.0;0.0;0.0;0.0;0.0;0.0;0.0;0.0;0.0;0.0;0.0;0.0068;6.8e-05;0.0;0.655378
731.5;0.0;0.0;0.0;0.0;0.0;0.0;0.0;0.0;0.0;0.0;0.0;0.0;0.0;0.0;0.0;0.0;0.0;0.0;0.0;0.0;0.0;0.006592;6.5e-05;0.0;0.658999
732.0;0.0;0.0;0.0;0.0;0.0;0.0;0.0;0.0;0.0;0.0;0.0;0.0;0.0;0.0;0.0;0.0;0.0;0.0;0.0;0.0;0.0;0.00639;6.2e-05;0.0;0.662441
732.5;0.0;0.0;0.0;0.0;0.0;0.0;0.0;0.0;0.0;0.0;0.0;0.0;0.0;0.0;0.0;0.0;0.0;0.0;0.0;0.0;0.0;0.006193;5.8e-05;0.0;0.665688
733.0;0.0;0.0;0.0;0.0;0.0;0.0;0.0;0.0;0.0;0.0;0.0;0.0;0.0;0.0;0.0;0.0;0.0;0.0;0.0;0.0;0.0;0.006002;5.5e-05;0.0;0.668727
733.5;0.0;0.0;0.0;0.0;0.0;0.0;0.0;0.0;0.0;0.0;0.0;0.0;0.0;0.0;0.0;0.0;0.0;0.0;0.0;0.0;0.0;0.005817;5.3e-05;0.0;0.671548
734.0;0.0;0.0;0.0;0.0;0.0;0.0;0.0;0.0;0.0;0.0;0.0;0.0;0.0;0.0;0.0;0.0;0.0;0.0;0.0;0.0;0.0;0.005636;5e-05;0.0;0.674146
734.5;0.0;0.0;0.0;0.0;0.0;0.0;0.0;0.0;0.0;0.0;0.0;0.0;0.0;0.0;0.0;0.0;0.0;0.0;0.0;0.0;0.0;0.005461;4.7e-05;0.0;0.676516
735.0;0.0;0.0;0.0;0.0;0.0;0.0;0.0;0.0;0.0;0.0;0.0;0.0;0.0;0.0;0.0;0.0;0.0;0.0;0.0;0.0;0.0;0.00529;4.5e-05;0.0;0.678658
735.5;0.0;0.0;0.0;0.0;0.0;0.0;0.0;0.0;0.0;0.0;0.0;0.0;0.0;0.0;0.0;0.0;0.0;0.0;0.0;0.0;0.0;0.005124;4.3e-05;0.0;0.680572
736.0;0.0;0.0;0.0;0.0;0.0;0.0;0.0;0.0;0.0;0.0;0.0;0.0;0.0;0.0;0.0;0.0;0.0;0.0;0.0;0.0;0.0;0.004963;4e-05;0.0;0.682262
736.5;0.0;0.0;0.0;0.0;0.0;0.0;0.0;0.0;0.0;0.0;0.0;0.0;0.0;0.0;0.0;0.0;0.0;0.0;0.0;0.0;0.0;0.004807;3.8e-05;0.0;0.683733
737.0;0.0;0.0;0.0;0.0;0.0;0.0;0.0;0.0;0.0;0.0;0.0;0.0;0.0;0.0;0.0;0.0;0.0;0.0;0.0;0.0;0.0;0.004655;3.6e-05;0.0;0.684992
737.5;0.0;0.0;0.0;0.0;7e-05;0.0;0.0;0.0;0.0;8.4e-05;0.0;0.0;0.0;0.0;0.0;0.0;0.0;0.0;0.0;0.0;0.0;0.004508;3.5e-05;0.0;0.686047
738.0;0.0;0.0;0.0;0.0;0.095148;0.0;0.0;0.0;0.0;0.113679;0.0;0.0;0.0;0.0;0.0;0.0;0.0;0.0;0.0;0.0;0.0;0.004364;3.3e-05;0.0;0.686908
738.5;0.0;0.0;0.0;0.0;0.502195;0.0;0.0;0.0;0.0;0.6;0.0;0.0;0.0;0.0;0.0;0.0;0.0;0.0;0.0;0.0;0.0;0.004225;3.1e-05;0.0;0.687585
739.0;0.0;0.0;0.0;0.0;0.010354;0.0;0.0;0.0;0.0;0.01237;0.0;0.0;0.0;0.0;0.0;0.0;0.0;0.0;0.0;0.0;0.0;0.00409;2.9e-05;0.0;0.688088
739.5;0.0;0.0;0.0;0.0;1e-06;0.0;0.0;0.0;0.0;1e-06;0.0;0.0;0.0;0.0;0.0;0.0;0.0;0.0;0.0;0.0;0.0;0.003959;2.8e-05;0.0;0.688428
740.0;0.0;0.0;0.0;0.0;0.0;0.0;0.0;0.0;0.0;0.0;0.0;0.0;0.0;0.0;0.0;0.0;0.0;0.0;0.0;0.0;0.0;0.003832;2.6e-05;0.0;0.688618
740.5;0.0;0.0;0.0;0.0;0.0;0.0;0.0;0.0;0.0;0.0;0.0;0.0;0.0;0.0;0.0;0.0;0.0;0.0;0.0;0.0;0.0;0.003708;2.5e-05;0.0;0.688667
741.0;0.0;0.0;0.0;0.0;0.0;0.0;0.0;0.0;0.0;0.0;0.0;0.0;0.0;0.0;0.0;0.0;0.0;0.0;0.0;0.0;0.0;0.003588;2.4e-05;0.0;0.688589
741.5;0.0;0.0;0.0;0.0;0.0;0.0;0.0;0.0;0.0;0.0;0.0;0.0;0.0;0.0;0.0;0.0;0.0;0.0;0.0;0.0;0.0;0.003472;2.2e-05;0.0;0.688392
742.0;0.0;0.0;0.0;0.0;0.0;0.0;0.0;0.0;0.0;0.0;0.0;0.0;0.0;0.0;0.0;0.0;0.0;0.0;0.0;0.0;0.0;0.003359;2.1e-05;0.0;0.688089
742.5;0.0;0.0;0.0;0.0;0.0;0.0;0.0;0.0;0.0;0.0;0.0;0.0;0.0;0.0;0.0;0.0;0.0;0.0;0.0;0.0;0.0;0.003249;2e-05;0.0;0.687689
743.0;0.0;0.0;0.0;3.3e-05;0.0;0.0;0.0;0.0;0.0;4.2e-05;0.0;0.0;0.0;0.0;0.0;0.0;0.0;0.0;0.0;0.0;0.0;0.003143;1.9e-05;0.0;0.687202
743.5;0.0;0.0;0.0;0.04507;0.0;0.0;0.0;0.0;0.0;0.056839;0.0;0.0;0.0;0.0;0.0;0.0;0.0;0.0;0.0;0.0;0.0;0.00304;1.8e-05;0.0;0.686637
744.0;0.0;0.0;0.0;0.237882;0.0;0.0;0.0;0.0;0.0;0.3;0.0;0.0;0.0;0.0;0.0;0.0;0.0;0.0;0.0;0.0;0.0;0.00294;1.7e-05;0.0;0.686003
744.5;0.0;0.0;0.0;0.004904;0.0;0.0;0.0;0.0;0.0;0.006185;0.0;0.0;0.0;0.0;0.0;0.0;0.0;0.0;0.0;0.0;0.0;0.002843;1.6e-05;0.0;0.685307
745.0;0.0;0.0;0.0;0.0;0.0;0.0;0.0;0.0;0.0;0.0;0.0;0.0;0.0;0.0;0.0;0.0;0.0;0.0;0.0;0.0;0.0;0.002749;1.5e-05;0.0;0.684556
745.5;0.0;0.0;0.0;0.0;0.0;0.0;0.0;0.0;0.0;0.0;0.0;0.0;0.0;0.0;0.0;0.0;0.0;0.0;0.0;0.0;0.0;0.002658;1.4e-05;0.0;0.683757
746.0;0.0;0.0;0.0;0.0;0.0;0.0;0.0;0.0;0.0;0.0;0.0;0.0;0.0;0.0;0.0;0.0;0.0;0.0;0.0;0.0;0.0;0.002569;1.4e-05;0.0;0.682915
746.5;0.0;0.0;0.0;0.0;0.0;0.0;0.0;0.0;0.0;0.0;0.0;0.0;0.0;0.0;0.0;0.0;0.0;0.0;0.0;0.0;0.0;0.002484;1.3e-05;0.0;0.682033
747.0;0.0;0.0;0.0;0.0;0.0;0.0;0.0;0.0;0.0;0.0;0.0;0.0;0.0;0.0;0.0;0.0;0.0;0.0;0.0;0.0;0.0;0.0024;1.2e-05;0.0;0.681114
747.5;0.0;0.0;0.0;0.0;0.0;0.0;0.0;0.0;0.0;0.0;0.0;0.0;0.0;0.0;0.0;0.0;0.0;0.0;0.0;0.0;0.0;0.00232;1.2e-05;0.0;0.680158
748.0;0.0;0.0;0.0;0.0;0.0;0.0;0.0;0.0;0.0;0.0;0.0;0.0;0.0;0.0;0.0;0.0;0.0;0.0;0.0;0.0;0.0;0.002242;1.1e-05;0.0;0.679162
748.5;0.0;0.0;0.0;0.0;0.0;0.0;0.0;0.0;0.0;0.0;0.0;0.0;0.0;0.0;0.0;0.0;0.0;0.0;0.0;0.0;0.0;0.002166;1e-05;0.0;0.67812
749.0;0.0;0.0;0.0;0.0;0.0;0.0;0.0;0.0;0.0;0.0;0.0;0.0;0.0;0.0;0.0;0.0;0.0;0.0;0.0;0.0;0.0;0.002093;1e-05;0.0;0.677017
749.5;0.0;0.0;0.0;0.0;0.000106;0.0;0.0;0.0;0.0;9.8e-05;0.0;0.0;0.0;0.0;0.0;0.0;0.0;0.0;0.0;0.0;0.0;0.002022;9e-06;0.0;0.67583
750.0;0.0;0.0;0.0;0.0;0.143557;0.0;0.0;0.0;0.0;0.132625;0.0;0.0;0.0;0.0;0.0;0.0;0.0;0.0;0.0;0.0;0.0;0.001953;9e-06;0.0;0.674527
750.5;0.0;0.0;0.0;0.0;0.757697;0.0;0.0;0.0;0.0;0.7;0.0;0.0;0.0;0.0;0.0;0.0;0.0;0.0;0.0;0.0;0.0;0.001887;8e-06;0.0;0.673057
751.0;0.0;0.0;0.0;0.0;0.015622;0.0;0.0;0.0;0.0;0.014432;0.0;0.0;0.0;0.0;0.0;0.0;0.0;0.0;0.0;0.0;0.0;0.001822;8e-06;0.0;0.671351
751.5;0.0;0.0;0.0;0.0;1e-06;0.0;0.0;0.0;0.0;1e-06;0.0;0.0;0.0;0.0;0.0;0.0;0.0;0.0;0.0;0.0;0.0;0.001759;7e-06;0.0;0.669316
752.0;0.0;0.0;0.0;0.0;0.0;0.0;0.0;0.0;0.0;0.0;0.0;0.0;0.0;0.0;0.0;0.0;0.0;0.0;0.0;0.0;0.0;0.001699;7e-06;0.0;0.66683
752.5;0.0;0.0;0.0;0.0;0.0;0.0;0.0;0.0;0.0;0.0;0.0;0.0;0.0;0.0;0.0;0.0;0.0;0.0;0.0;0.0;0.0;0.00164;7e-06;0.0;0.663741
753.0;0.0;0.0;0.0;0.0;0.0;0.0;0.0;0.0;0.0;0.0;0.0;0.0;0.0;0.0;0.0;0.0;0.0;0.0;0.0;0.0;0.0;0.001584;6e-06;0.0;0.659864
753.5;0.0;0.0;0.0;0.0;0.0;0.0;0.0;0.0;0.0;0.0;0.0;0.0;0.0;0.0;0.0;0.0;0.0;0.0;0.0;0.0;0.0;0.001529;6e-06;0.0;0.654989
754.0;0.0;0.0;0.0;0.0;0.0;0.0;0.0;0.0;0.0;0.0;0.0;0.0;0.0;0.0;0.0;0.0;0.0;0.0;0.0;0.0;0.0;0.001476;5e-06;0.0;0.648884
754.5;0.0;0.0;0.0;0.0;0.0;0.0;0.0;0.0;0.0;0.0;0.0;0.0;0.0;0.0;0.0;0.0;0.0;0.0;0.0;0.0;0.0;0.001424;5e-06;0.0;0.64131
755.0;0.0;0.0;0.0;0.0;0.0;0.0;0.0;0.0;0.0;0.0;0.0;0.0;0.0;0.0;0.0;0.0;0.0;0.0;0.0;0.0;0.0;0.001374;5e-06;0.0;0.632042
755.5;0.0;0.0;0.0;0.0;0.0;0.0;0.0;0.0;0.0;0.0;0.0;0.0;0.0;0.0;0.0;0.0;0.0;0.0;0.0;0.0;0.0;0.001326;5e-06;0.0;0.620895
756.0;0.0;0.0;0.0;0.0;0.0;0.0;0.0;0.0;0.0;0.0;0.0;0.0;0.0;0.0;0.0;0.0;0.0;0.0;0.0;0.0;0.0;0.00128;4e-06;0.0;0.607751
756.5;0.0;0.0;0.0;0.0;0.0;0.0;0.0;0.0;0.0;0.0;0.0;0.0;0.0;0.0;0.0;0.0;0.0;0.0;0.0;0.0;0.0;0.001235;4e-06;0.0;0.592595
757.0;0.0;0.0;0.0;0.0;0.0;0.0;0.0;0.0;0.0;0.0;0.0;0.0;0.0;0.0;0.0;0.0;0.0;0.0;0.0;0.0;0.0;0.001191;4e-06;0.0;0.575539
757.5;0.0;0.0;0.0;0.0;0.0;0.0;0.0;0.0;0.0;0.0;0.0;0.0;0.0;0.0;0.0;0.0;0.0;0.0;0.0;0.0;0.0;0.001149;4e-06;0.0;0.55685
758.0;0.0;0.0;0.0;0.0;0.0;0.0;0.0;0.0;0.0;0.0;0.0;0.0;0.0;0.0;0.0;0.0;0.0;0.0;0.0;0.0;0.0;0.001108;3e-06;0.0;0.536962
758.5;0.0;0.0;0.0;0.0;0.0;0.0;0.0;0.0;0.0;0.0;0.0;0.0;0.0;0.0;0.0;0.0;0.0;0.0;0.0;0.0;0.0;0.001069;3e-06;0.0;0.516468
759.0;0.0;0.0;0.0;0.0;0.0;0.0;0.0;0.0;0.0;0.0;0.0;0.0;0.0;0.0;0.0;0.0;0.0;0.0;0.0;0.0;0.0;0.00103;3e-06;0.0;0.495816
759.5;0.0;0.0;0.0;0.0;0.0;0.0;0.002578;0.0;0.0;0.0;0.0;0.0;0.0;0.0;0.0;0.0;0.0;0.0;0.0;0.0;0.0;0.000994;3e-06;0.0;0.448677
760.0;0.0;0.0;0.0;0.0;0.0;0.0;0.379013;0.0;0.0;0.0;0.0;0.0;0.0;0.0;0.0;0.0;0.0;0.0;0.0;0.0;0.0;0.000958;3e-06;0.0;0.459142
760.5;0.0;0.0;0.0;0.0;0.0;0.0;0.217686;0.0;0.0;0.0;0.0;0.0;0.0;0.0;0.0;0.0;0.0;0.0;0.0;0.0;0.0;0.000923;3e-06;0.0;0.444281
761.0;0.0;0.0;0.0;0.0;0.0;0.0;0.000488;0.0;0.0;0.0;0.0;0.0;0.0;0.0;0.0;0.0;0.0;0.0;0.0;0.0;0.0;0.00089;2e-06;0.0;0.432872
761.5;0.0;0.0;0.0;0.0;0.0;0.0;0.0;0.0;0.0;0.0;0.0;0.0;0.0;0.0;0.0;0.0;0.0;0.0;0.0;0.0;0.0;0.000858;2e-06;0.0;0.42551
762.0;0.0;0.0;0.0;0.0;0.0;0.0;0.0;0.0;0.0;0.0;0.0;0.0;0.0;0.0;0.0;0.0;0.0;0.0;0.0;0.0;0.0;0.000827;2e-06;0.0;0.422563
762.5;0.0;0.0;0.0;0.0;1.5e-05;0.0;0.0;0.0;0.0;1.4e-05;0.0;0.0;0.0;0.0;0.0;0.0;0.0;0.0;0.0;0.0;0.0;0.000797;2e-06;0.0;0.424145
763.0;0.0;0.0;0.0;0.0;0.061524;0.0;0.0;0.0;0.0;0.055864;0.0;0.0;0.0;0.0;0.0;0.0;0.0;0.0;0.0;0.0;0.0;0.000768;2e-06;0.0;0.4301
763.5;0.0;0.0;0.0;0.0;0.984378;0.0;0.0;0.0;0.0;0.89383;0.0;0.0;0.0;0.0;0.0;0.0;0.0;0.0;0.0;0.0;0.0;0.00074;2e-06;0.0;0.44002
764.0;0.0;0.0;0.0;0.0;0.061524;0.0;0.0;0.0;0.0;0.055864;0.0;0.0;0.0;0.0;0.0;0.0;0.0;0.0;0.0;0.0;0.0;0.000713;2e-06;0.0;0.453281
764.5;0.0;0.0;0.0;0.0;1.5e-05;0.0;0.0;0.0;0.0;1.4e-05;0.0;0.0;0.0;0.0;0.0;0.0;0.0;0.0;0.0;0.0;0.0;0.000687;2e-06;0.0;0.469107
765.0;0.0;0.0;0.0;0.0;0.0;0.0;0.0;0.0;0.0;0.0;0.0;0.0;0.0;0.0;0.0;0.0;0.0;0.0;0.0;0.0;0.0;0.000661;1e-06;0.0;0.486634
765.5;0.0;0.0;0.0;0.0;0.0;0.0;0.0;0.0;0.0;0.0;0.0;0.0;0.0;0.0;0.0;0.0;0.0;0.0;0.0;0.0;0.0;0.000637;1e-06;0.0;0.504986
766.0;0.0;0.0;0.0;0.0;0.0;0.0;0.0;0.0;0.0;0.0;0.0;0.0;0.0;0.0;0.0;0.0;0.0;0.0;0.0;0.0;0.0;0.000613;1e-06;0.0;0.523341
766.5;0.0;0.0;0.0;0.0;0.0;0.0;0.0;0.0;0.0;0.0;0.0;0.0;0.0;0.0;0.0;0.0;0.0;0.0;0.0;0.0;0.0;0.000591;1e-06;0.0;0.540986
767.0;0.0;0.0;0.0;0.0;0.0;0.0;0.0;0.0;0.0;0.0;0.0;0.0;0.0;0.0;0.0;0.0;0.0;0.0;0.0;0.0;0.0;0.000569;1e-06;0.0;0.55735
767.5;0.0;0.0;0.0;0.0;0.0;0.0;0.0;0.0;0.0;0.0;0.0;0.0;0.0;0.0;0.0;0.0;0.0;0.0;0.0;0.0;0.0;0.000547;1e-06;0.0;0.572028
768.0;0.0;0.0;0.0;0.0;0.0;0.0;0.0;0.0;0.0;0.0;0.0;0.0;0.0;0.0;0.0;0.0;0.0;0.0;0.0;0.0;0.0;0.000527;1e-06;0.0;0.584781
768.5;0.0;0.0;0.0;0.0;0.0;0.0;1.4e-05;0.0;0.0;0.0;0.0;0.0;0.0;0.0;0.0;0.0;0.0;0.0;0.0;0.0;0.0;0.000507;1e-06;0.0;0.595515
769.0;0.0;0.0;0.0;0.0;0.0;0.0;0.055371;0.0;0.0;0.0;0.0;0.0;0.0;0.0;0.0;0.0;0.0;0.0;0.0;0.0;0.0;0.000488;1e-06;0.0;0.604267
769.5;0.0;0.0;0.0;0.0;0.0;0.0;0.88594;0.0;0.0;0.0;0.0;0.0;0.0;0.0;0.0;0.0;0.0;0.0;0.0;0.0;0.0;0.00047;1e-06;0.0;0.611168
770.0;0.0;0.0;0.0;0.0;0.0;0.0;0.055371;0.0;0.0;0.0;0.0;0.0;0.0;0.0;0.0;0.0;0.0;0.0;0.0;0.0;0.0;0.000452;1e-06;0.0;0.616411
770.5;0.0;0.0;0.0;0.0;0.0;0.0;1.4e-05;0.0;0.0;0.0;0.0;0.0;0.0;0.0;0.0;0.0;0.0;0.0;0.0;0.0;0.0;0.000435;1e-06;0.0;0.620225
771.0;0.0;0.0;0.0;0.0;0.0;0.0;0.0;0.0;0.0;0.0;0.0;0.0;0.0;0.0;0.0;0.0;0.0;0.0;0.0;0.0;0.0;0.000418;1e-06;0.0;0.622851
771.5;0.0;0.0;0.0;0.0;2.8e-05;0.0;0.0;0.0;0.0;0.0;0.0;0.0;0.0;0.0;0.0;0.0;0.0;0.0;0.0;0.0;0.0;0.000403;1e-06;0.0;0.624516
772.0;0.0;0.0;0.0;0.0;0.038393;0.0;0.0;0.0;0.0;0.0;0.0;0.0;0.0;0.0;0.0;0.0;0.0;0.0;0.0;0.0;0.0;0.000387;1e-06;0.0;0.625431
772.5;0.0;0.0;0.0;0.0;0.20264;0.0;0.0;0.0;0.0;0.0;0.0;0.0;0.0;0.0;0.0;0.0;0.0;0.0;0.0;0.0;0.0;0.000372;1e-06;0.0;0.625773
773.0;0.0;0.0;0.0;0.0;0.004178;0.0;0.0;0.0;0.0;0.0;0.0;0.0;0.0;0.0;0.0;0.0;0.0;0.0;0.0;0.0;0.0;0.000358;1e-06;0.0;0.625693
773.5;0.0;0.0;0.0;0.0;0.0;0.0;0.0;0.0;0.0;0.0;0.0;0.0;0.0;0.0;0.0;0.0;0.0;0.0;0.0;0.0;0.0;0.000344;1e-06;0.0;0.625307
774.0;0.0;0.0;0.0;0.0;0.0;0.0;0.0;0.0;0.0;0.0;0.0;0.0;0.0;0.0;0.0;0.0;0.0;0.0;0.0;0.0;0.0;0.000331;0.0;0.0;0.624706
774.5;0.0;0.0;0.0;0.0;0.0;0.0;0.0;0.0;0.0;0.0;0.0;0.0;0.0;0.0;0.0;0.0;0.0;0.0;0.0;0.0;0.0;0.000318;0.0;0.0;0.623959
775.0;0.0;0.0;0.0;0.0;0.0;0.0;0.0;0.0;0.0;0.0;0.0;0.0;0.0;0.0;0.0;0.0;0.0;0.0;0.0;0.0;0.0;0.000306;0.0;0.0;0.623114
775.5;0.0;0.0;0.0;0.0;0.0;0.0;0.0;0.0;0.0;0.0;0.0;0.0;0.0;0.0;0.0;0.0;0.0;0.0;0.0;0.0;0.0;0.000294;0.0;0.0;0.622204
776.0;0.0;0.0;0.0;0.0;0.0;0.0;0.0;0.0;0.0;0.0;0.0;0.0;0.0;0.0;0.0;0.0;0.0;0.0;0.0;0.0;0.0;0.000283;0.0;0.0;0.621254
776.5;0.0;0.0;0.0;0.0;0.0;0.0;0.0;0.0;0.0;0.0;0.0;0.0;0.0;0.0;0.0;0.0;0.0;0.0;0.0;0.0;0.0;0.000272;0.0;0.0;0.620278
777.0;0.0;0.0;0.0;0.0;0.0;0.0;0.0;0.0;0.0;0.0;0.0;0.0;0.0;0.0;0.0;0.0;0.0;0.0;0.0;0.0;0.0;0.000261;0.0;0.0;0.619286
777.5;0.0;0.0;0.0;0.0;0.0;0.0;0.0;0.0;0.0;0.0;0.0;0.0;0.0;0.0;0.0;0.0;0.0;0.0;0.0;0.0;0.0;0.000251;0.0;0.0;0.618285
778.0;0.0;0.0;0.0;0.0;0.0;0.0;0.0;0.0;0.0;0.0;0.0;0.0;0.0;0.0;0.0;0.0;0.0;0.0;0.0;0.0;0.0;0.000241;0.0;0.0;0.617279
778.5;0.0;0.0;0.0;0.0;0.0;0.0;0.0;0.0;0.0;0.0;0.0;0.0;0.0;0.0;0.0;0.0;0.0;0.0;0.0;0.0;0.0;0.000232;0.0;0.0;0.616268
779.0;0.0;0.0;0.0;0.0;0.0;0.0;0.0;0.0;0.0;0.0;0.0;0.0;0.0;0.0;0.0;0.0;0.0;0.0;0.0;0.0;0.0;0.000223;0.0;0.0;0.615255
779.5;0.0;0.0;0.0;0.0;0.0;0.0;0.0;0.0;0.0;0.0;0.0;0.0;0.0;0.0;0.0;0.0;0.0;0.0;0.0;0.0;0.0;0.000214;0.0;0.0;0.61424
780.0;0.0;0.0;0.0;0.0;0.0;0.0;0.0;0.0;0.0;0.0;0.0;0.0;0.0;0.0;0.0;0.0;0.0;0.0;0.0;0.0;0.0;0.000205;0.0;0.0;0.613222
780.5;0.0;0.0;0.0;0.0;0.0;0.0;0.0;0.0;0.0;0.0;0.0;0.0;0.0;0.0;0.0;0.0;0.0;0.0;0.0;0.0;0.0;0.000197;0.0;0.0;0.612202
781.0;0.0;0.0;0.0;0.0;0.0;0.0;0.0;0.0;0.0;0.0;0.0;0.0;0.0;0.0;0.0;0.0;0.0;0.0;0.0;0.0;0.0;0.000189;0.0;0.0;0.611179
781.5;0.0;0.0;0.0;0.0;0.0;0.0;0.0;0.0;0.0;0.0;0.0;0.0;0.0;0.0;0.0;0.0;0.0;0.0;0.0;0.0;0.0;0.000182;0.0;0.0;0.610152
782.0;0.0;0.0;0.0;0.0;0.0;0.0;0.0;0.0;0.0;0.0;0.0;0.0;0.0;0.0;0.0;0.0;0.0;0.0;0.0;0.0;0.0;0.000175;0.0;0.0;0.609121
782.5;0.0;0.0;0.0;0.0;0.0;0.0;0.0;0.0;0.0;0.0;0.0;0.0;0.0;0.0;0.0;0.0;0.0;0.0;0.0;0.0;0.0;0.000168;0.0;0.0;0.608085
783.0;0.0;0.0;0.0;0.0;0.0;0.0;0.0;0.0;0.0;0.0;0.0;0.0;0.0;0.0;0.0;0.0;0.0;0.0;0.0;0.0;0.0;0.000161;0.0;0.0;0.607043
783.5;0.0;0.0;0.0;0.0;0.0;0.0;0.0;0.0;0.0;0.0;0.0;0.0;0.0;0.0;0.0;0.0;0.0;0.0;0.0;0.0;0.0;0.000154;0.0;0.0;0.605993
784.0;0.0;0.0;0.0;0.0;0.0;0.0;0.0;0.0;0.0;0.0;0.0;0.0;0.0;0.0;0.0;0.0;0.0;0.0;0.0;0.0;0.0;0.000148;0.0;0.0;0.604936
784.5;0.0;0.0;0.0;0.0;0.0;0.0;5e-06;0.0;0.0;0.0;0.0;0.0;0.0;0.0;0.0;0.0;0.0;0.0;0.0;0.0;0.0;0.000142;0.0;0.0;0.603869
785.0;0.0;0.0;0.0;0.0;0.0;0.0;0.018457;0.0;0.0;0.0;0.0;0.0;0.0;0.0;0.0;0.0;0.0;0.0;0.0;0.0;0.0;0.000136;0.0;0.0;0.60279
785.5;0.0;0.0;0.0;0.0;0.0;0.0;0.295313;0.0;0.0;0.0;0.0;0.0;0.0;0.0;0.0;0.0;0.0;0.0;0.0;0.0;0.0;0.000131;0.0;0.0;0.601699
786.0;0.0;0.0;0.0;0.0;0.0;0.0;0.018457;0.0;0.0;0.0;0.0;0.0;0.0;0.0;0.0;0.0;0.0;0.0;0.0;0.0;0.0;0.000126;0.0;0.0;0.600594
786.5;0.0;0.0;0.0;0.0;0.0;0.0;5e-06;0.0;0.0;0.0;0.0;0.0;0.0;0.0;0.0;0.0;0.0;0.0;0.0;0.0;0.0;0.00012;0.0;0.0;0.599472
787.0;0.0;0.0;0.0;0.0;0.0;0.0;0.0;0.0;0.0;0.0;0.0;0.0;0.0;0.0;0.0;0.0;0.0;0.0;0.0;0.0;0.0;0.000115;0.0;0.0;0.598331
787.5;0.0;0.0;0.0;0.0;0.0;0.0;0.0;0.0;0.0;0.0;0.0;0.0;0.0;0.0;0.0;0.0;0.0;0.0;0.0;0.0;0.0;0.000111;0.0;0.0;0.59717
788.0;0.0;0.0;0.0;0.0;0.0;0.0;0.0;0.0;0.0;0.0;0.0;0.0;0.0;0.0;0.0;0.0;0.0;0.0;0.0;0.0;0.0;0.000106;0.0;0.0;0.595985
788.5;0.0;0.0;0.0;0.0;0.0;0.0;0.0;0.0;0.0;0.0;0.0;0.0;0.0;0.0;0.0;0.0;0.0;0.0;0.0;0.0;0.0;0.000102;0.0;0.0;0.594773
789.0;0.0;0.0;0.0;0.0;0.0;0.0;0.0;0.0;0.0;0.0;0.0;0.0;0.0;0.0;0.0;0.0;0.0;0.0;0.0;0.0;0.0;9.8e-05;0.0;0.0;0.593533
789.5;0.0;0.0;0.0;0.0;0.0;0.0;0.0;0.0;0.0;0.0;0.0;0.0;0.0;0.0;0.0;0.0;0.0;0.0;0.0;0.0;0.0;9.4e-05;0.0;0.0;0.592259
790.0;0.0;0.0;0.0;0.0;0.0;0.0;0.0;0.0;0.0;0.0;0.0;0.0;0.0;0.0;0.0;0.0;0.0;0.0;0.0;0.0;0.0;9e-05;0.0;0.0;0.59095
790.5;0.0;0.0;0.0;0.0;0.0;0.0;0.0;0.0;0.0;0.0;0.0;0.0;0.0;0.0;0.0;0.0;0.0;0.0;0.0;0.0;0.0;8.6e-05;0.0;0.0;0.5896
791.0;0.0;0.0;0.0;0.0;0.0;0.0;0.0;0.0;0.0;0.0;0.0;0.0;0.0;0.0;0.0;0.0;0.0;0.0;0.0;0.0;0.0;8.2e-05;0.0;0.0;0.588207
791.5;0.0;0.0;0.0;0.0;0.0;0.0;0.0;0.0;0.0;0.0;0.0;0.0;0.0;0.0;0.0;0.0;0.0;0.0;0.0;0.0;0.0;7.9e-05;0.0;0.0;0.586766
792.0;0.0;0.0;0.0;0.0;0.0;0.0;0.0;0.0;0.0;0.0;0.0;0.0;0.0;0.0;0.0;0.0;0.0;0.0;0.0;0.0;0.0;7.6e-05;0.0;0.0;0.585273
792.5;0.0;0.0;0.0;0.0;0.0;0.0;0.0;0.0;0.0;0.0;0.0;0.0;0.0;0.0;0.0;0.0;0.0;0.0;0.0;0.0;0.0;7.2e-05;0.0;0.0;0.583723
793.0;0.0;0.0;0.0;0.0;0.0;0.0;0.0;0.0;0.0;0.0;0.0;0.0;0.0;0.0;0.0;0.0;0.0;0.0;0.0;0.0;0.0;6.9e-05;0.0;0.0;0.582111
793.5;0.0;0.0;0.0;0.0;0.0;0.0;0.0;0.0;0.0;0.0;0.0;0.0;0.0;0.0;0.0;0.0;0.0;0.0;0.0;0.0;0.0;6.7e-05;0.0;0.0;0.580433
794.0;0.0;0.0;0.0;0.0;0.000138;0.0;0.0;0.0;0.0;0.0;0.0;0.0;0.0;0.0;0.0;0.0;0.0;0.0;0.0;0.0;0.0;6.4e-05;0.0;0.0;0.578683
794.5;0.0;0.0;0.0;0.0;0.061678;0.0;0.0;0.0;0.0;0.0;0.0;0.0;0.0;0.0;0.0;0.0;0.0;0.0;0.0;0.0;0.0;6.1e-05;0.0;0.0;0.576856
795.0;0.0;0.0;0.0;0.0;0.107387;0.0;0.0;0.0;0.0;0.0;0.0;0.0;0.0;0.0;0.0;0.0;0.0;0.0;0.0;0.0;0.0;5.8e-05;0.0;0.0;0.574948
795.5;0.0;0.0;0.0;0.0;0.00073;0.0;0.0;0.0;0.0;0.0;0.0;0.0;0.0;0.0;0.0;0.0;0.0;0.0;0.0;0.0;0.0;5.6e-05;0.0;0.0;0.572952
796.0;0.0;0.0;0.0;0.0;0.0;0.0;0.0;0.0;0.0;0.0;0.0;0.0;0.0;0.0;0.0;0.0;0.0;0.0;0.0;0.0;0.0;5.4e-05;0.0;0.0;0.570863
796.5;0.0;0.0;0.0;0.0;0.0;0.0;0.0;0.0;0.0;0.0;0.0;0.0;0.0;0.0;0.0;0.0;0.0;0.0;0.0;0.0;0.0;5.1e-05;0.0;0.0;0.568677
797.0;0.0;0.0;0.0;0.0;0.0;0.0;0.0;0.0;0.0;0.0;0.0;0.0;0.0;0.0;0.0;0.0;0.0;0.0;0.0;0.0;0.0;4.9e-05;0.0;0.0;0.566388
797.5;0.0;0.0;0.0;0.0;0.0;0.0;0.0;0.0;0.0;0.0;0.0;0.0;0.0;0.0;0.0;0.0;0.0;0.0;0.0;0.0;0.0;4.7e-05;0.0;0.0;0.563991
798.0;0.0;0.0;0.0;0.0;0.0;0.0;0.0;0.0;0.0;0.0;0.0;0.0;0.0;0.0;0.0;0.0;0.0;0.0;0.0;0.0;0.0;4.5e-05;0.0;0.0;0.561482
798.5;0.0;0.0;0.0;0.0;0.0;0.0;0.0;0.0;0.0;0.0;0.0;0.0;0.0;0.0;0.0;0.0;0.0;0.0;0.0;0.0;0.0;4.3e-05;0.0;0.0;0.558856
799.0;0.0;0.0;0.0;0.0;0.0;0.0;0.0;0.0;0.0;0.0;0.0;0.0;0.0;0.0;0.0;0.0;0.0;0.0;0.0;0.0;0.0;4.1e-05;0.0;0.0;0.556109
799.5;0.0;0.0;0.0;0.0;0.0;0.0;0.0;0.0;0.0;0.0;0.0;0.0;0.0;0.0;0.0;0.0;0.0;0.0;0.0;0.0;0.0;3.9e-05;0.0;0.0;0.553238
800.0;0.0;0.0;0.0;0.0;0.002543;0.0;0.0;0.0;0.0;0.0;0.0;0.0;0.0;0.0;0.0;0.0;0.0;0.0;0.0;0.0;0.0;3.8e-05;0.0;0.0;0.55024
800.5;0.0;0.0;0.0;0.0;0.123346;0.0;0.0;0.0;0.0;0.0;0.0;0.0;0.0;0.0;0.0;0.0;0.0;0.0;0.0;0.0;0.0;3.6e-05;0.0;0.0;0.547113
801.0;0.0;0.0;0.0;0.0;0.02337;0.0;0.0;0.0;0.0;0.0;0.0;0.0;0.0;0.0;0.0;0.0;0.0;0.0;0.0;0.0;0.0;3.5e-05;0.0;0.0;0.543855
801.5;0.0;0.0;0.0;0.0;1.7e-05;0.0;0.0;0.0;0.0;0.0;0.0;0.0;0.0;0.0;0.0;0.0;0.0;0.0;0.0;0.0;0.0;3.3e-05;0.0;0.0;0.540464
802.0;0.0;0.0;0.0;0.0;0.0;0.0;0.0;0.0;0.0;0.0;0.0;0.0;0.0;0.0;0.0;0.0;0.0;0.0;0.0;0.0;0.0;3.2e-05;0.0;0.0;0.536942
802.5;0.0;0.0;0.0;0.0;0.0;0.0;0.0;0.0;0.0;0.0;0.0;0.0;0.0;0.0;0.0;0.0;0.0;0.0;0.0;0.0;0.0;3e-05;0.0;0.0;0.533289
803.0;0.0;0.0;0.0;0.0;0.0;0.0;0.0;0.0;0.0;0.0;0.0;0.0;0.0;0.0;0.0;0.0;0.0;0.0;0.0;0.0;0.0;2.9e-05;0.0;0.0;0.529506
803.5;0.0;0.0;0.0;0.0;0.0;0.0;0.0;0.0;0.0;0.0;0.0;0.0;0.0;0.0;0.0;0.0;0.0;0.0;0.0;0.0;0.0;2.8e-05;0.0;0.0;0.525598
804.0;0.0;0.0;0.0;0.0;0.0;0.0;0.0;0.0;0.0;0.0;0.0;0.0;0.0;0.0;0.0;0.0;0.0;0.0;0.0;0.0;0.0;2.6e-05;0.0;0.0;0.521567
804.5;0.0;0.0;0.0;0.0;0.0;0.0;0.0;0.0;0.0;0.0;0.0;0.0;0.0;0.0;0.0;0.0;0.0;0.0;0.0;0.0;0.0;2.5e-05;0.0;0.0;0.51742
805.0;0.0;0.0;0.0;0.0;0.0;0.0;0.0;0.0;0.0;0.0;0.0;0.0;0.0;0.0;0.0;0.0;0.0;0.0;0.0;0.0;0.0;2.4e-05;0.0;0.0;0.513162
805.5;0.0;0.0;0.0;0.0;0.0;0.0;0.0;0.0;0.0;0.0;0.0;0.0;0.0;0.0;0.0;0.0;0.0;0.0;0.0;0.0;0.0;2.3e-05;0.0;0.0;0.508801
806.0;0.0;0.0;0.0;0.0;0.0;0.0;0.0;0.0;0.0;0.0;0.0;0.0;0.0;0.0;0.0;0.0;0.0;0.0;0.0;0.0;0.0;2.2e-05;0.0;0.0;0.504346
806.5;0.0;0.0;0.0;0.0;0.0;0.0;0.0;0.0;0.0;0.0;0.0;0.0;0.0;0.0;0.0;0.0;0.0;0.0;0.0;0.0;0.0;2.1e-05;0.0;0.0;0.499808
807.0;0.0;0.0;0.0;0.0;0.0;0.0;0.0;0.0;0.0;0.0;0.0;0.0;0.0;0.0;0.0;0.0;0.0;0.0;0.0;0.0;0.0;2e-05;0.0;0.0;0.495197
807.5;0.0;0.0;0.0;0.0;0.0;0.0;0.0;0.0;0.0;0.0;0.0;0.0;0.0;0.0;0.0;0.0;0.0;0.0;0.0;0.0;0.0;1.9e-05;0.0;0.0;0.490526
808.0;0.0;0.0;0.0;0.0;0.0;0.0;0.0;0.0;0.0;0.0;0.0;0.0;0.0;0.0;0.0;0.0;0.0;0.0;0.0;0.0;0.0;1.8e-05;0.0;0.0;0.485809
808.5;0.0;0.0;0.0;0.0;0.0;0.0;0.0;0.0;0.0;0.0;0.0;0.0;0.0;0.0;0.0;0.0;0.0;0.0;0.0;0.0;0.0;1.8e-05;0.0;0.0;0.48106
809.0;0.0;0.0;0.0;0.0;0.0;0.0;0.0;0.0;0.0;0.0;0.0;0.0;0.0;0.0;0.0;0.0;0.0;0.0;0.0;0.0;0.0;1.7e-05;0.0;0.0;0.476295
809.5;0.0;0.0;0.0;0.0;0.0;0.0;5.6e-05;0.0;0.0;0.0;0.0;0.0;0.0;0.0;0.0;0.0;0.0;0.0;0.0;0.0;0.0;1.6e-05;0.0;0.0;0.47153
810.0;0.0;0.0;0.0;0.0;0.0;0.0;0.075117;0.0;0.0;0.0;0.0;0.0;0.0;0.0;0.0;0.0;0.0;0.0;0.0;0.0;0.0;1.5e-05;0.0;0.0;0.466784
810.5;0.0;0.0;0.0;0.0;1.1e-05;0.0;0.396469;0.0;0.0;1e-05;0.0;0.0;0.0;0.0;0.0;0.0;0.0;0.0;0.0;0.0;0.0;1.5e-05;0.0;0.0;0.462074
811.0;0.0;0.0;0.0;0.0;0.043682;0.0;0.008174;0.0;0.0;0.041898;0.0;0.0;0.0;0.0;0.0;0.0;0.0;0.0;0.0;0.0;0.0;1.4e-05;0.0;0.0;0.457419
811.5;0.0;0.0;0.0;0.0;0.698909;0.0;1e-06;0.0;0.0;0.670372;0.0;0.0;0.0;0.0;0.0;0.0;0.0;0.0;0.0;0.0;0.0;1.3e-05;0.0;0.0;0.452838
812.0;0.0;0.0;0.0;0.0;0.043682;0.0;0.0;0.0;0.0;0.041898;0.0;0.0;0.0;0.0;0.0;0.0;0.0;0.0;0.0;0.0;0.0;1.3e-05;0.0;0.0;0.44835
812.5;0.0;0.0;0.0;0.0;1.1e-05;0.0;0.0;0.0;0.0;1e-05;0.0;0.0;0.0;0.0;0.0;0.0;0.0;0.0;0.0;0.0;0.0;1.2e-05;0.0;0.0;0.443975
813.0;0.0;0.0;0.0;0.0;0.0;0.0;0.0;0.0;0.0;0.0;0.0;0.0;0.0;0.0;0.0;0.0;0.0;0.0;0.0;0.0;0.0;1.2e-05;0.0;0.0;0.439732
813.5;0.0;0.0;0.0;0.0;0.0;0.0;0.0;0.0;0.0;0.0;0.0;0.0;0.0;0.0;0.0;0.0;0.0;0.0;0.0;0.0;0.0;1.1e-05;0.0;0.0;0.43564
814.0;0.0;0.0;0.0;0.0;0.0;0.0;0.0;0.0;0.0;0.0;0.0;0.0;0.0;0.0;0.0;0.0;0.0;0.0;0.0;0.0;0.0;1.1e-05;0.0;0.0;0.431719
814.5;0.0;0.0;0.0;0.0;0.0;0.0;0.0;0.0;0.0;0.0;0.0;0.0;0.0;0.0;0.0;0.0;0.0;0.0;0.0;0.0;0.0;1e-05;0.0;0.0;0.427985
815.0;0.0;0.0;0.0;0.0;0.0;0.0;0.0;0.0;0.0;0.0;0.0;0.0;0.0;0.0;0.0;0.0;0.0;0.0;0.0;0.0;0.0;1e-05;0.0;0.0;0.424456
815.5;0.0;0.0;0.0;0.0;0.0;0.0;0.0;0.0;0.0;0.0;0.0;0.0;0.0;0.0;0.0;0.0;0.0;0.0;0.0;0.0;0.0;9e-06;0.0;0.0;0.421148
816.0;0.0;0.0;0.0;0.0;0.0;0.0;0.0;0.0;0.0;0.0;0.0;0.0;0.0;0.0;0.0;0.0;0.0;0.0;0.0;0.0;0.0;9e-06;0.0;0.0;0.418077
816.5;0.0;0.0;0.0;0.0;0.0;0.0;0.0;0.0;0.0;0.0;0.0;0.0;0.0;0.0;0.0;0.0;0.0;0.0;0.0;0.0;0.0;8e-06;0.0;0.0;0.415256
817.0;0.0;0.0;0.0;0.0;0.0;0.0;0.0;0.0;0.0;0.0;0.0;0.0;0.0;0.0;0.0;0.0;0.0;0.0;0.0;0.0;0.0;8e-06;0.0;0.0;0.412698
817.5;0.0;0.0;0.0;0.0;0.0;0.0;0.0;0.0;0.0;0.0;0.0;0.0;0.0;0.0;0.0;0.0;0.0;0.0;0.0;0.0;0.0;8e-06;0.0;0.0;0.410413
818.0;0.0;0.0;0.0;0.0;0.0;0.0;1.1e-05;0.0;0.0;0.0;0.0;0.0;0.0;0.0;0.0;0.0;0.0;0.0;0.0;0.0;0.0;7e-06;0.0;0.0;0.408411
818.5;0.0;0.0;0.0;0.0;0.0;0.0;0.046143;0.0;0.0;0.0;0.0;0.0;0.0;0.0;0.0;0.0;0.0;0.0;0.0;0.0;0.0;7e-06;0.0;0.0;0.406698
819.0;0.0;0.0;0.0;0.0;0.0;0.0;0.738284;0.0;0.0;0.0;0.0;0.0;0.0;0.0;0.0;0.0;0.0;0.0;0.0;0.0;0.0;7e-06;0.0;0.0;0.40528
819.5;0.0;0.0;0.0;0.0;0.0;0.0;0.046143;0.0;0.0;0.0;0.0;0.0;0.0;0.0;0.0;0.0;0.0;0.0;0.0;0.0;0.0;6e-06;0.0;0.0;0.404161
820.0;0.0;0.0;0.0;0.0;0.0;0.0;1.1e-05;0.0;0.0;0.0;0.0;0.0;0.0;0.0;0.0;0.0;0.0;0.0;0.0;0.0;0.0;6e-06;0.0;0.0;0.403342
820.5;0.0;0.0;0.0;0.0;0.0;0.0;0.0;0.0;0.0;0.0;0.0;0.0;0.0;0.0;0.0;0.0;0.0;0.0;0.0;0.0;0.0;6e-06;0.0;0.0;0.402823
821.0;0.0;0.0;0.0;0.0;0.0;0.0;0.0;0.0;0.0;0.0;0.0;0.0;0.0;0.0;0.0;0.0;0.0;0.0;0.0;0.0;0.0;5e-06;0.0;0.0;0.4026
821.5;0.0;0.0;0.0;0.0;0.0;0.0;0.0;0.0;0.0;0.0;0.0;0.0;0.0;0.0;0.0;0.0;0.0;0.0;0.0;0.0;0.0;5e-06;0.0;0.0;0.402671
822.0;0.0;0.0;0.0;0.0;0.0;0.0;0.0;0.0;0.0;0.0;0.0;0.0;0.0;0.0;0.0;0.0;0.0;0.0;0.0;0.0;0.0;5e-06;0.0;0.0;0.403027
822.5;0.0;0.0;0.0;0.0;0.0;0.0;0.0;0.004296;0.0;0.0;0.0;0.0;0.0;0.0;0.0;0.0;0.0;0.0;0.0;0.0;0.0;5e-06;0.0;0.0;0.403662
823.0;0.0;0.0;0.0;0.0;0.0;0.0;0.0;0.631688;0.0;0.0;0.0;0.0;0.0;0.0;0.0;0.0;0.0;0.0;0.0;0.0;0.0;4e-06;0.0;0.0;0.404565
823.5;0.0;0.0;0.0;0.0;0.0;0.0;0.0;0.36281;0.0;0.0;0.0;0.0;0.0;0.0;0.0;0.0;0.0;0.0;0.0;0.0;0.0;4e-06;0.0;0.0;0.405725
824.0;0.0;0.0;0.0;0.0;0.0;0.0;0.0;0.000814;0.0;0.0;0.0;0.0;0.0;0.0;0.0;0.0;0.0;0.0;0.0;0.0;0.0;4e-06;0.0;0.0;0.407128
824.5;0.0;0.0;0.0;0.0;0.0;0.0;0.0;0.0;0.0;0.0;0.0;0.0;0.0;0.0;0.0;0.0;0.0;0.0;0.0;0.0;0.0;4e-06;0.0;0.0;0.408761
825.0;0.0;0.0;0.0;0.0;0.0;0.0;0.0;0.0;0.0;0.0;0.0;0.0;0.0;0.0;0.0;0.0;0.0;0.0;0.0;0.0;0.0;4e-06;0.0;0.0;0.410607
825.5;0.0;0.0;0.0;0.0;3e-06;0.0;0.0;0.0;0.0;0.0;0.0;0.0;0.0;0.0;0.0;0.0;0.0;0.0;0.0;0.0;0.0;3e-06;0.0;0.0;0.412649
826.0;0.0;0.0;0.0;0.0;0.010459;0.0;0.0;0.0;0.0;0.0;0.0;0.0;0.0;0.0;0.0;0.0;0.0;0.0;0.0;0.0;0.0;3e-06;0.0;0.0;0.414871
826.5;0.0;0.0;0.0;0.0;0.167344;0.0;0.0;0.0;0.0;0.0;0.0;0.0;0.0;0.0;0.0;0.0;0.0;0.0;0.0;0.0;0.0;3e-06;0.0;0.0;0.417253
827.0;0.0;0.0;0.0;0.0;0.010459;0.0;0.0;1.1e-05;0.0;0.0;0.0;0.0;0.0;0.0;0.0;0.0;0.0;0.0;0.0;0.0;0.0;3e-06;0.0;0.0;0.419778
827.5;0.0;0.0;0.0;0.0;3e-06;0.0;0.0;0.046143;0.0;0.0;0.0;0.0;0.0;0.0;0.0;0.0;0.0;0.0;0.0;0.0;0.0;3e-06;0.0;0.0;0.422424
828.0;0.0;0.0;0.0;0.0;0.0;0.0;0.0;0.738284;0.0;0.0;0.0;0.0;0.0;0.0;0.0;0.0;0.0;0.0;0.0;0.0;0.0;3e-06;0.0;0.0;0.425175
828.5;0.0;0.0;0.0;0.0;0.0;0.0;0.0;0.046143;0.0;0.0;0.0;0.0;0.0;0.0;0.0;0.0;0.0;0.0;0.0;0.0;0.0;3e-06;0.0;0.0;0.428008
829.0;0.0;0.0;0.0;0.0;0.0;0.0;0.000814;1.1e-05;0.0;0.0;0.0;0.0;0.0;0.0;0.0;0.0;0.0;0.0;0.0;0.0;0.0;2e-06;0.0;0.0;0.430907
829.5;0.0;0.0;0.0;0.0;0.0;0.0;0.36281;0.0;0.0;0.0;0.0;0.0;0.0;0.0;0.0;0.0;0.0;0.0;0.0;0.0;0.0;2e-06;0.0;0.0;0.433851
830.0;0.0;0.0;0.0;0.0;0.0;0.0;0.631688;0.0;0.0;0.0;0.0;0.0;0.0;0.0;0.0;0.0;0.0;0.0;0.0;0.0;0.0;2e-06;0.0;0.0;0.436822
830.5;0.0;0.0;0.0;0.0;0.0;0.0;0.004296;0.0;0.0;0.0;0.0;0.0;0.0;0.0;0.0;0.0;0.0;0.0;0.0;0.0;0.0;2e-06;0.0;0.0;0.439803
831.0;0.0;0.0;0.0;0.0;0.0;0.0;0.0;0.0;0.0;0.0;0.0;0.0;0.0;0.0;0.0;0.0;0.0;0.0;0.0;0.0;0.0;2e-06;0.0;0.0;0.442775
831.5;0.0;0.0;0.0;0.0;0.0;0.0;0.0;0.0;0.0;0.0;0.0;0.0;0.0;0.0;0.0;0.0;0.0;0.0;0.0;0.0;0.0;2e-06;0.0;0.0;0.445725
832.0;0.0;0.0;0.0;0.0;0.0;0.0;0.0;0.0;0.0;0.0;0.0;0.0;0.0;0.0;0.0;0.0;0.0;0.0;0.0;0.0;0.0;2e-06;0.0;0.0;0.448635
832.5;0.0;0.0;0.0;0.0;0.0;0.0;0.0;0.0;0.0;0.0;0.0;0.0;0.0;0.0;0.0;0.0;0.0;0.0;0.0;0.0;0.0;2e-06;0.0;0.0;0.451491
833.0;0.0;0.0;0.0;0.0;0.0;0.0;0.0;0.0;0.0;0.0;0.0;0.0;0.0;0.0;0.0;0.0;0.0;0.0;0.0;0.0;0.0;2e-06;0.0;0.0;0.454282
833.5;0.0;0.0;0.0;0.0;0.0;0.0;0.0;0.0;0.0;0.0;0.0;0.0;0.0;0.0;0.0;0.0;0.0;0.0;0.0;0.0;0.0;2e-06;0.0;0.0;0.456994
834.0;0.0;0.0;0.0;0.0;0.0;0.0;0.0;0.003867;0.0;0.0;0.0;0.0;0.0;0.0;0.0;0.0;0.0;0.0;0.0;0.0;0.0;1e-06;0.0;0.0;0.459617
834.5;0.0;0.0;0.0;0.0;0.0;0.0;0.0;0.568519;0.0;0.0;0.0;0.0;0.0;0.0;0.0;0.0;0.0;0.0;0.0;0.0;0.0;1e-06;0.0;0.0;0.462141
835.0;0.0;0.0;0.0;0.0;0.0;0.0;0.0;0.326529;0.0;0.0;0.0;0.0;0.0;0.0;0.0;0.0;0.0;0.0;0.0;0.0;0.0;1e-06;0.0;0.0;0.464559
835.5;0.0;0.0;0.0;0.0;0.0;0.0;0.0;0.000733;0.0;0.0;0.0;0.0;0.0;0.0;0.0;0.0;0.0;0.0;0.0;0.0;0.0;1e-06;0.0;0.0;0.466863
836.0;0.0;0.0;0.0;0.0;0.0;0.0;0.0;0.0;0.0;0.0;0.0;0.0;0.0;0.0;0.0;0.0;0.0;0.0;0.0;0.0;0.0;1e-06;0.0;0.0;0.469048
836.5;0.0;0.0;0.0;0.0;0.0;0.0;0.0;0.0;0.0;0.0;0.0;0.0;0.0;0.0;0.0;0.0;0.0;0.0;0.0;0.0;0.0;1e-06;0.0;0.0;0.471108
837.0;0.0;0.0;0.0;0.0;0.0;0.0;0.0;0.0;0.0;0.0;0.0;0.0;0.0;0.0;0.0;0.0;0.0;0.0;0.0;0.0;0.0;1e-06;0.0;0.0;0.47304
837.5;0.0;0.0;0.0;0.0;0.0;0.0;0.0;0.0;0.0;0.0;0.0;0.0;0.0;0.0;0.0;0.0;0.0;0.0;0.0;0.0;0.0;1e-06;0.0;0.0;0.474843
838.0;0.0;0.0;0.0;0.0;0.0;0.0;0.0;0.0;0.0;0.0;0.0;0.0;0.0;0.0;0.0;0.0;0.0;0.0;0.0;0.0;0.0;1e-06;0.0;0.0;0.476513
838.5;0.0;0.0;0.0;0.0;0.0;0.0;0.0;0.0;0.0;0.0;0.0;0.0;0.0;0.0;0.0;0.0;0.0;0.0;0.0;0.0;0.0;1e-06;0.0;0.0;0.478052
839.0;0.0;0.0;0.0;0.0;0.0;0.0;0.0;0.0;0.0;0.0;0.0;0.0;0.0;0.0;0.0;0.0;0.0;0.0;0.0;0.0;0.0;1e-06;0.0;0.0;0.479459
839.5;0.0;0.0;0.0;0.0;0.0;0.0;0.0;0.0;0.0;0.0;0.0;0.0;0.0;0.0;0.0;0.0;0.0;0.0;0.0;0.0;0.0;1e-06;0.0;0.0;0.480735
840.0;0.0;0.0;0.0;0.0;0.000236;0.0;0.0;0.0;0.0;0.0;0.0;0.0;0.0;0.0;0.0;0.0;0.0;0.0;0.0;0.0;0.0;1e-06;0.0;0.0;0.481883
840.5;0.0;0.0;0.0;0.0;0.105215;0.0;0.0;0.0;0.0;0.0;0.0;0.0;0.0;0.0;0.0;0.0;0.0;0.0;0.0;0.0;0.0;1e-06;0.0;0.0;0.482906
841.0;0.0;0.0;0.0;0.0;0.18319;0.0;0.0;0.0;0.0;0.0;0.0;0.0;0.0;0.0;0.0;0.0;0.0;0.0;0.0;0.0;0.0;1e-06;0.0;0.0;0.483806
841.5;0.0;0.0;0.0;0.0;0.001251;0.0;0.0;0.0;0.0;0.0;0.0;0.0;0.0;0.0;0.0;0.0;0.0;0.0;0.0;0.0;0.0;1e-06;0.0;0.0;0.484586
842.0;0.0;0.0;0.0;0.0;0.020918;0.0;0.0;0.0;0.0;0.0;0.0;0.0;0.0;0.0;0.0;0.0;0.0;0.0;0.0;0.0;0.0;1e-06;0.0;0.0;0.485253
842.5;0.0;0.0;0.0;0.0;0.334689;0.0;0.0;0.0;0.0;0.0;0.0;0.0;0.0;0.0;0.0;0.0;0.0;0.0;0.0;0.0;0.0;1e-06;0.0;0.0;0.485809
843.0;0.0;0.0;0.0;0.0;0.020918;0.0;0.0;0.0;0.0;0.0;0.0;0.0;0.0;0.0;0.0;0.0;0.0;0.0;0.0;0.0;0.0;1e-06;0.0;0.0;0.486259
843.5;0.0;0.0;0.0;0.0;5e-06;0.0;0.0;0.0;0.0;0.0;0.0;0.0;0.0;0.0;0.0;0.0;0.0;0.0;0.0;0.0;0.0;1e-06;0.0;0.0;0.48661
844.0;0.0;0.0;0.0;0.0;0.0;0.0;0.0;0.0;0.0;0.0;0.0;0.0;0.0;0.0;0.0;0.0;0.0;0.0;0.0;0.0;0.0;1e-06;0.0;0.0;0.486865
844.5;0.0;0.0;0.0;0.0;0.0;0.0;0.0;0.0;0.0;0.0;0.0;0.0;0.0;0.0;0.0;0.0;0.0;0.0;0.0;0.0;0.0;1e-06;0.0;0.0;0.48703
845.0;0.0;0.0;0.0;0.0;0.0;0.0;0.0;0.0;0.0;0.0;0.0;0.0;0.0;0.0;0.0;0.0;0.0;0.0;0.0;0.0;0.0;0.0;0.0;0.0;0.48711
845.5;0.0;0.0;0.0;0.0;0.0;0.0;0.0;0.0;0.0;0.0;0.0;0.0;0.0;0.0;0.0;0.0;0.0;0.0;0.0;0.0;0.0;0.0;0.0;0.0;0.48711
846.0;0.0;0.0;0.0;0.0;0.0;0.0;0.0;0.0;0.0;0.0;0.0;0.0;0.0;0.0;0.0;0.0;0.0;0.0;0.0;0.0;0.0;0.0;0.0;0.0;0.487037
846.5;0.0;0.0;0.0;0.0;0.0;0.0;0.0;0.0;0.0;0.0;0.0;0.0;0.0;0.0;0.0;0.0;0.0;0.0;0.0;0.0;0.0;0.0;0.0;0.0;0.486894
847.0;0.0;0.0;0.0;0.0;0.0;0.0;0.0;0.0;0.0;0.0;0.0;0.0;0.0;0.0;0.0;0.0;0.0;0.0;0.0;0.0;0.0;0.0;0.0;0.0;0.486687
847.5;0.0;0.0;0.0;0.0;0.0;0.0;0.0;0.0;0.0;0.0;0.0;0.0;0.0;0.0;0.0;0.0;0.0;0.0;0.0;0.0;0.0;0.0;0.0;0.0;0.486421
848.0;0.0;0.0;0.0;0.0;0.0;0.0;0.0;0.0;0.0;0.0;0.0;0.0;0.0;0.0;0.0;0.0;0.0;0.0;0.0;0.0;0.0;0.0;0.0;0.0;0.4861
848.5;0.0;0.0;0.0;0.0;0.0;0.0;0.0;0.0;0.0;0.0;0.0;0.0;0.0;0.0;0.0;0.0;0.0;0.0;0.0;0.0;0.0;0.0;0.0;0.0;0.485729
849.0;0.0;0.0;0.0;0.0;0.0;0.0;0.0;0.0;0.0;0.0;0.0;0.0;0.0;0.0;0.0;0.0;0.0;0.0;0.0;0.0;0.0;0.0;0.0;0.0;0.485312
849.5;0.0;0.0;0.0;0.0;0.0;0.0;0.0;0.0;0.0;0.0;0.0;0.0;0.0;0.0;0.0;0.0;0.0;0.0;0.0;0.0;0.0;0.0;0.0;0.0;0.484854
850.0;0.0;0.0;0.0;0.0;0.0;0.0;0.0;0.0;0.0;0.0;0.0;0.0;0.0;0.0;0.0;0.0;0.0;0.0;0.0;0.0;0.0;0.0;0.0;0.0;0.484357
850.5;0.0;0.0;0.0;0.0;0.0;0.0;0.0;0.0;0.0;0.0;0.0;0.0;0.0;0.0;0.0;0.0;0.0;0.0;0.0;0.0;0.0;0.0;0.0;0.0;0.483826
851.0;0.0;0.0;0.0;0.0;0.0;0.0;0.0;0.0;0.0;0.0;0.0;0.0;0.0;0.0;0.0;0.0;0.0;0.0;0.0;0.0;0.0;0.0;0.0;0.0;0.483264
851.5;0.0;0.0;0.0;0.0;0.0;0.0;0.0;0.0;0.0;0.0;0.0;0.0;0.0;0.0;0.0;0.0;0.0;0.0;0.0;0.0;0.0;0.0;0.0;0.0;0.482674
852.0;0.0;0.0;0.0;0.0;0.0;0.0;0.0;0.0;0.0;0.0;0.0;0.0;0.0;0.0;0.0;0.0;0.0;0.0;0.0;0.0;0.0;0.0;0.0;0.0;0.482058
852.5;0.0;0.0;0.0;0.0;0.0;0.0;0.0;0.0;0.0;0.0;0.0;0.0;0.0;0.0;0.0;0.0;0.0;0.0;0.0;0.0;0.0;0.0;0.0;0.0;0.481421
853.0;0.0;0.0;0.0;0.0;0.0;0.0;0.0;0.0;0.0;0.0;0.0;0.0;0.0;0.0;0.0;0.0;0.0;0.0;0.0;0.0;0.0;0.0;0.0;0.0;0.480763
853.5;0.0;0.0;0.0;0.0;0.0;0.0;0.0;0.0;0.0;0.0;0.0;0.0;0.0;0.0;0.0;0.0;0.0;0.0;0.0;0.0;0.0;0.0;0.0;0.0;0.480088
854.0;0.0;0.0;0.0;0.0;0.0;0.0;0.0;0.0;0.0;0.0;0.0;0.0;0.0;0.0;0.0;0.0;0.0;0.0;0.0;0.0;0.0;0.0;0.0;0.0;0.479398
854.5;0.0;0.0;0.0;0.0;0.0;0.0;0.0;0.0;0.0;0.0;0.0;0.0;0.0;0.0;0.0;0.0;0.0;0.0;0.0;0.0;0.0;0.0;0.0;0.0;0.478694
855.0;0.0;0.0;0.0;0.0;0.0;0.0;0.0;0.0;0.0;0.0;0.0;0.0;0.0;0.0;0.0;0.0;0.0;0.0;0.0;0.0;0.0;0.0;0.0;0.0;0.477978
855.5;0.0;0.0;0.0;0.0;0.0;0.0;0.0;0.0;0.0;0.0;0.0;0.0;0.0;0.0;0.0;0.0;0.0;0.0;0.0;0.0;0.0;0.0;0.0;0.0;0.477251
856.0;0.0;0.0;0.0;0.0;0.0;0.0;0.0;0.0;0.0;0.0;0.0;0.0;0.0;0.0;0.0;0.0;0.0;0.0;0.0;0.0;0.0;0.0;0.0;0.0;0.476516
856.5;0.0;0.0;0.0;0.0;0.0;0.0;0.0;0.0;0.0;0.0;0.0;0.0;0.0;0.0;0.0;0.0;0.0;0.0;0.0;0.0;0.0;0.0;0.0;0.0;0.475772
857.0;0.0;0.0;0.0;0.0;0.0;0.0;0.0;0.0;0.0;0.0;0.0;0.0;0.0;0.0;0.0;0.0;0.0;0.0;0.0;0.0;0.0;0.0;0.0;0.0;0.475022
857.5;0.0;0.0;0.0;0.0;0.0;0.0;0.0;0.0;0.0;0.0;0.0;0.0;0.0;0.0;0.0;0.0;0.0;0.0;0.0;0.0;0.0;0.0;0.0;0.0;0.474267
858.0;0.0;0.0;0.0;0.0;0.0;0.0;0.0;0.0;0.0;0.0;0.0;0.0;0.0;0.0;0.0;0.0;0.0;0.0;0.0;0.0;0.0;0.0;0.0;0.0;0.473506
858.5;0.0;0.0;0.0;0.0;0.0;0.0;0.0;0.0;0.0;0.0;0.0;0.0;0.0;0.0;0.0;0.0;0.0;0.0;0.0;0.0;0.0;0.0;0.0;0.0;0.472742
859.0;0.0;0.0;0.0;0.0;0.0;0.0;0.0;0.0;0.0;0.0;0.0;0.0;0.0;0.0;0.0;0.0;0.0;0.0;0.0;0.0;0.0;0.0;0.0;0.0;0.471974
859.5;0.0;0.0;0.0;0.0;0.0;0.0;0.0;0.0;0.0;0.0;0.0;0.0;0.0;0.0;0.0;0.0;0.0;0.0;0.0;0.0;0.0;0.0;0.0;0.0;0.471204
860.0;0.0;0.0;0.0;0.0;0.0;0.0;0.0;0.0;0.0;0.0;0.0;0.0;0.0;0.0;0.0;0.0;0.0;0.0;0.0;0.0;0.0;0.0;0.0;0.0;0.470432
860.5;0.0;0.0;0.0;0.0;0.0;0.0;0.0;0.0;0.0;0.0;0.0;0.0;0.0;0.0;0.0;0.0;0.0;0.0;0.0;0.0;0.0;0.0;0.0;0.0;0.469658
861.0;0.0;0.0;0.0;0.0;0.0;0.0;0.0;0.0;0.0;0.0;0.0;0.0;0.0;0.0;0.0;0.0;0.0;0.0;0.0;0.0;0.0;0.0;0.0;0.0;0.468883
861.5;0.0;0.0;0.0;0.0;0.0;0.0;0.0;0.0;0.0;0.0;0.0;0.0;0.0;0.0;0.0;0.0;0.0;0.0;0.0;0.0;0.0;0.0;0.0;0.0;0.468106
862.0;0.0;0.0;0.0;0.0;0.0;0.0;0.0;0.0;0.0;0.0;0.0;0.0;0.0;0.0;0.0;0.0;0.0;0.0;0.0;0.0;0.0;0.0;0.0;0.0;0.46733
862.5;0.0;0.0;0.0;0.0;0.0;0.0;0.0;0.0;0.0;0.0;0.0;0.0;0.0;0.0;0.0;0.0;0.0;0.0;0.0;0.0;0.0;0.0;0.0;0.0;0.466553
863.0;0.0;0.0;0.0;0.0;0.0;0.0;0.0;0.0;0.0;0.0;0.0;0.0;0.0;0.0;0.0;0.0;0.0;0.0;0.0;0.0;0.0;0.0;0.0;0.0;0.465776
863.5;0.0;0.0;0.0;0.0;0.0;0.0;0.0;0.0;0.0;0.0;0.0;0.0;0.0;0.0;0.0;0.0;0.0;0.0;0.0;0.0;0.0;0.0;0.0;0.0;0.464999
864.0;0.0;0.0;0.0;0.0;0.0;0.0;0.0;0.0;0.0;0.0;0.0;0.0;0.0;0.0;0.0;0.0;0.0;0.0;0.0;0.0;0.0;0.0;0.0;0.0;0.464222
864.5;0.0;0.0;0.0;0.0;0.0;0.0;0.0;0.0;0.0;0.0;0.0;0.0;0.0;0.0;0.0;0.0;0.0;0.0;0.0;0.0;0.0;0.0;0.0;0.0;0.463446
865.0;0.0;0.0;0.0;0.0;0.0;0.0;0.0;0.0;0.0;0.0;0.0;0.0;0.0;0.0;0.0;0.0;0.0;0.0;0.0;0.0;0.0;0.0;0.0;0.0;0.46267
865.5;0.0;0.0;0.0;0.0;0.0;0.0;0.0;0.0;0.0;0.0;0.0;0.0;0.0;0.0;0.0;0.0;0.0;0.0;0.0;0.0;0.0;0.0;0.0;0.0;0.461895
866.0;0.0;0.0;0.0;0.0;0.0;0.0;0.0;0.0;0.0;0.0;0.0;0.0;0.0;0.0;0.0;0.0;0.0;0.0;0.0;0.0;0.0;0.0;0.0;0.0;0.461121
866.5;0.0;0.0;0.0;0.0;0.0;0.0;0.0;0.0;0.0;0.0;0.0;0.0;0.0;0.0;0.0;0.0;0.0;0.0;0.0;0.0;0.0;0.0;0.0;0.0;0.460347
867.0;0.0;0.0;0.0;0.0;0.0;0.0;0.0;0.0;0.0;0.0;0.0;0.0;0.0;0.0;0.0;0.0;0.0;0.0;0.0;0.0;0.0;0.0;0.0;0.0;0.459575
867.5;0.0;0.0;0.0;0.0;0.0;0.0;0.0;0.0;0.0;0.0;0.0;0.0;0.0;0.0;0.0;0.0;0.0;0.0;0.0;0.0;0.0;0.0;0.0;0.0;0.458803
868.0;0.0;0.0;0.0;0.0;0.0;0.0;0.0;0.0;0.0;0.0;0.0;0.0;0.0;0.0;0.0;0.0;0.0;0.0;0.0;0.0;0.0;0.0;0.0;0.0;0.458033
868.5;0.0;0.0;0.0;0.0;0.0;0.0;0.0;0.0;0.0;0.0;0.0;0.0;0.0;0.0;0.0;0.0;0.0;0.0;0.0;0.0;0.0;0.0;0.0;0.0;0.457263
869.0;0.0;0.0;0.0;0.0;0.0;0.0;0.0;0.0;0.0;0.0;0.0;0.0;0.0;0.0;0.0;0.0;0.0;0.0;0.0;0.0;0.0;0.0;0.0;0.0;0.456495
869.5;0.0;0.0;0.0;0.0;0.0;0.0;0.0;0.0;0.0;0.0;0.0;0.0;0.0;0.0;0.0;0.0;0.0;0.0;0.0;0.0;0.0;0.0;0.0;0.0;0.455727
870.0;0.0;0.0;0.0;0.0;0.0;0.0;0.0;0.0;0.0;0.0;0.0;0.0;0.0;0.0;0.0;0.0;0.0;0.0;0.0;0.0;0.0;0.0;0.0;0.0;0.454961
870.5;0.0;0.0;0.0;0.0;0.0;0.0;0.0;0.0;0.0;0.0;0.0;0.0;0.0;0.0;0.0;0.0;0.0;0.0;0.0;0.0;0.0;0.0;0.0;0.0;0.454196
871.0;0.0;0.0;0.0;0.0;0.0;0.0;0.0;0.0;0.0;0.0;0.0;0.0;0.0;0.0;0.0;0.0;0.0;0.0;0.0;0.0;0.0;0.0;0.0;0.0;0.453432
871.5;0.0;0.0;0.0;0.0;0.0;0.0;0.0;0.0;0.0;0.0;0.0;0.0;0.0;0.0;0.0;0.0;0.0;0.0;0.0;0.0;0.0;0.0;0.0;0.0;0.452669
872.0;0.0;0.0;0.0;0.0;0.0;0.0;0.0;0.0;0.0;0.0;0.0;0.0;0.0;0.0;0.0;0.0;0.0;0.0;0.0;0.0;0.0;0.0;0.0;0.0;0.451907
872.5;0.0;0.0;0.0;0.0;0.0;0.0;0.0;0.0;0.0;0.0;0.0;0.0;0.0;0.0;0.0;0.0;0.0;0.0;0.0;0.0;0.0;0.0;0.0;0.0;0.451147
873.0;0.0;0.0;0.0;0.0;0.0;0.0;0.0;0.0;0.0;0.0;0.0;0.0;0.0;0.0;0.0;0.0;0.0;0.0;0.0;0.0;0.0;0.0;0.0;0.0;0.450387
873.5;0.0;0.0;0.0;0.0;0.0;0.0;0.0;0.0;0.0;0.0;0.0;0.0;0.0;0.0;0.0;0.0;0.0;0.0;0.0;0.0;0.0;0.0;0.0;0.0;0.449629
874.0;0.0;0.0;0.0;0.0;0.0;0.0;0.0;0.0;0.0;0.0;0.0;0.0;0.0;0.0;0.0;0.0;0.0;0.0;0.0;0.0;0.0;0.0;0.0;0.0;0.448872
874.5;0.0;0.0;0.0;0.0;0.0;0.0;0.0;0.0;0.0;0.0;0.0;0.0;0.0;0.0;0.0;0.0;0.0;0.0;0.0;0.0;0.0;0.0;0.0;0.0;0.448116
875.0;0.0;0.0;0.0;0.0;0.0;0.0;0.0;0.0;0.0;0.0;0.0;0.0;0.0;0.0;0.0;0.0;0.0;0.0;0.0;0.0;0.0;0.0;0.0;0.0;0.447361
875.5;0.0;0.0;0.0;0.0;0.0;0.0;0.0;0.0;0.0;0.0;0.0;0.0;0.0;0.0;0.0;0.0;0.0;0.0;0.0;0.0;0.0;0.0;0.0;0.0;0.446608
876.0;0.0;0.0;0.0;0.0;0.0;0.0;0.0;0.0;0.0;0.0;0.0;0.0;0.0;0.0;0.0;0.0;0.0;0.0;0.0;0.0;0.0;0.0;0.0;0.0;0.445855
876.5;0.0;0.0;0.0;0.0;0.0;0.0;0.0;0.0;0.0;0.0;0.0;0.0;0.0;0.0;0.0;0.0;0.0;0.0;0.0;0.0;0.0;0.0;0.0;0.0;0.445104
877.0;0.0;0.0;0.0;0.0;0.0;0.0;0.0;0.0;0.0;0.0;0.0;0.0;0.0;0.0;0.0;0.0;0.0;0.0;0.0;0.0;0.0;0.0;0.0;0.0;0.444354
877.5;0.0;0.0;0.0;0.0;0.0;0.0;0.0;0.0;0.0;0.0;0.0;0.0;0.0;0.0;0.0;0.0;0.0;0.0;0.0;0.0;0.0;0.0;0.0;0.0;0.443605
878.0;0.0;0.0;0.0;0.0;0.0;0.0;0.0;0.0;0.0;0.0;0.0;0.0;0.0;0.0;0.0;0.0;0.0;0.0;0.0;0.0;0.0;0.0;0.0;0.0;0.442857
878.5;0.0;0.0;0.0;0.0;0.0;0.0;0.0;0.0;0.0;0.0;0.0;0.0;0.0;0.0;0.0;0.0;0.0;0.0;0.0;0.0;0.0;0.0;0.0;0.0;0.44211
879.0;0.0;0.0;0.0;0.0;0.0;0.0;0.0;9e-06;0.0;0.0;0.0;0.0;0.0;0.0;0.0;0.0;0.0;0.0;0.0;0.0;0.0;0.0;0.0;0.0;0.441365
879.5;0.0;0.0;0.0;0.0;0.0;0.0;0.0;0.036914;0.0;0.0;0.0;0.0;0.0;0.0;0.0;0.0;0.0;0.0;0.0;0.0;0.0;0.0;0.0;0.0;0.44062
880.0;0.0;0.0;0.0;0.0;0.0;0.0;0.0;0.590627;0.0;0.0;0.0;0.0;0.0;0.0;0.0;0.0;0.0;0.0;0.0;0.0;0.0;0.0;0.0;0.0;0.439877
880.5;0.0;0.0;0.0;0.0;0.0;0.0;0.0;0.036914;0.0;0.0;0.0;0.0;0.0;0.0;0.0;0.0;0.0;0.0;0.0;0.0;0.0;0.0;0.0;0.0;0.439135
881.0;0.0;0.0;0.0;0.0;0.0;0.0;0.0;9e-06;0.0;0.0;0.0;0.0;0.0;0.0;0.0;0.0;0.0;0.0;0.0;0.0;0.0;0.0;0.0;0.0;0.438393
881.5;0.0;0.0;0.0;0.0;0.0;0.0;0.0;0.0;0.0;0.0;0.0;0.0;0.0;0.0;0.0;0.0;0.0;0.0;0.0;0.0;0.0;0.0;0.0;0.0;0.437653
882.0;0.0;0.0;0.0;0.0;0.0;0.0;0.0;0.0;0.0;0.0;0.0;0.0;0.0;0.0;0.0;0.0;0.0;0.0;0.0;0.0;0.0;0.0;0.0;0.0;0.436914
882.5;0.0;0.0;0.0;0.0;0.0;0.0;0.0;0.0;0.0;0.0;0.0;0.0;0.0;0.0;0.0;0.0;0.0;0.0;0.0;0.0;0.0;0.0;0.0;0.0;0.436176
883.0;0.0;0.0;0.0;0.0;0.0;0.0;0.0;0.0;0.0;0.0;0.0;0.0;0.0;0.0;0.0;0.0;0.0;0.0;0.0;0.0;0.0;0.0;0.0;0.0;0.435438
883.5;0.0;0.0;0.0;0.0;0.0;0.0;0.0;0.0;0.0;0.0;0.0;0.0;0.0;0.0;0.0;0.0;0.0;0.0;0.0;0.0;0.0;0.0;0.0;0.0;0.434702
884.0;0.0;0.0;0.0;0.0;0.0;0.0;0.0;0.0;0.0;0.0;0.0;0.0;0.0;0.0;0.0;0.0;0.0;0.0;0.0;0.0;0.0;0.0;0.0;0.0;0.433966
884.5;0.0;0.0;0.0;0.0;0.0;0.0;0.0;0.0;0.0;0.0;0.0;0.0;0.0;0.0;0.0;0.0;0.0;0.0;0.0;0.0;0.0;0.0;0.0;0.0;0.433231
885.0;0.0;0.0;0.0;0.0;0.0;0.0;0.0;0.0;0.0;0.0;0.0;0.0;0.0;0.0;0.0;0.0;0.0;0.0;0.0;0.0;0.0;0.0;0.0;0.0;0.432497
885.5;0.0;0.0;0.0;0.0;0.0;0.0;0.0;0.0;0.0;0.0;0.0;0.0;0.0;0.0;0.0;0.0;0.0;0.0;0.0;0.0;0.0;0.0;0.0;0.0;0.431763
886.0;0.0;0.0;0.0;0.0;0.0;0.0;0.0;0.0;0.0;0.0;0.0;0.0;0.0;0.0;0.0;0.0;0.0;0.0;0.0;0.0;0.0;0.0;0.0;0.0;0.43103
886.5;0.0;0.0;0.0;0.0;0.0;0.0;0.0;0.0;0.0;0.0;0.0;0.0;0.0;0.0;0.0;0.0;0.0;0.0;0.0;0.0;0.0;0.0;0.0;0.0;0.430297
887.0;0.0;0.0;0.0;0.0;0.0;0.0;0.0;0.0;0.0;0.0;0.0;0.0;0.0;0.0;0.0;0.0;0.0;0.0;0.0;0.0;0.0;0.0;0.0;0.0;0.429565
887.5;0.0;0.0;0.0;0.0;0.0;0.0;0.0;0.0;0.0;0.0;0.0;0.0;0.0;0.0;0.0;0.0;0.0;0.0;0.0;0.0;0.0;0.0;0.0;0.0;0.428833
888.0;0.0;0.0;0.0;0.0;0.0;0.0;0.0;0.0;0.0;0.0;0.0;0.0;0.0;0.0;0.0;0.0;0.0;0.0;0.0;0.0;0.0;0.0;0.0;0.0;0.4281
888.5;0.0;0.0;0.0;0.0;0.0;0.0;0.0;0.0;0.0;0.0;0.0;0.0;0.0;0.0;0.0;0.0;0.0;0.0;0.0;0.0;0.0;0.0;0.0;0.0;0.427368
889.0;0.0;0.0;0.0;0.0;0.0;0.0;0.0;0.0;0.0;0.0;0.0;0.0;0.0;0.0;0.0;0.0;0.0;0.0;0.0;0.0;0.0;0.0;0.0;0.0;0.426635
889.5;0.0;0.0;0.0;0.0;0.0;0.0;0.0;0.0;0.0;0.0;0.0;0.0;0.0;0.0;0.0;0.0;0.0;0.0;0.0;0.0;0.0;0.0;0.0;0.0;0.425902
890.0;0.0;0.0;0.0;0.0;0.0;0.0;0.0;0.0;0.0;0.0;0.0;0.0;0.0;0.0;0.0;0.0;0.0;0.0;0.0;0.0;0.0;0.0;0.0;0.0;0.425168
890.5;0.0;0.0;0.0;0.0;0.0;0.0;0.0;0.0;0.0;0.0;0.0;0.0;0.0;0.0;0.0;0.0;0.0;0.0;0.0;0.0;0.0;0.0;0.0;0.0;0.424433
891.0;0.0;0.0;0.0;0.0;0.0;0.0;0.0;0.0;0.0;0.0;0.0;0.0;0.0;0.0;0.0;0.0;0.0;0.0;0.0;0.0;0.0;0.0;0.0;0.0;0.423696
891.5;0.0;0.0;0.0;0.0;0.0;0.0;0.0;0.0;0.0;0.0;0.0;0.0;0.0;0.0;0.0;0.0;0.0;0.0;0.0;0.0;0.0;0.0;0.0;0.0;0.422957
892.0;0.0;0.0;0.0;0.0;0.0;0.0;0.0;0.0;0.0;0.0;0.0;0.0;0.0;0.0;0.0;0.0;0.0;0.0;0.0;0.0;0.0;0.0;0.0;0.0;0.422217
892.5;0.0;0.0;0.0;0.0;0.0;0.0;0.0;0.0;0.0;0.0;0.0;0.0;0.0;0.0;0.0;0.0;0.0;0.0;0.0;0.0;0.0;0.0;0.0;0.0;0.421473
893.0;0.0;0.0;0.0;0.0;0.0;0.0;0.0;0.0;0.0;0.0;0.0;0.0;0.0;0.0;0.0;0.0;0.0;0.0;0.0;0.0;0.0;0.0;0.0;0.0;0.420727
893.5;0.0;0.0;0.0;0.0;0.0;0.0;0.0;0.0;0.0;0.0;0.0;0.0;0.0;0.0;0.0;0.0;0.0;0.0;0.0;0.0;0.0;0.0;0.0;0.0;0.419977
894.0;0.0;0.0;0.0;0.0;0.0;0.0;0.0;0.0;0.0;0.0;0.0;0.0;0.0;0.0;0.0;0.0;0.0;0.0;0.0;0.0;0.0;0.0;0.0;0.0;0.419222
894.5;0.0;0.0;0.0;0.0;0.0;0.0;0.0;0.0;0.0;0.0;0.0;0.0;0.0;0.0;0.0;0.0;0.0;0.0;0.0;0.0;0.0;0.0;0.0;0.0;0.418463
895.0;0.0;0.0;0.0;0.0;0.0;0.0;0.0;0.0;0.0;0.0;0.0;0.0;0.0;0.0;0.0;0.0;0.0;0.0;0.0;0.0;0.0;0.0;0.0;0.0;0.417698
895.5;0.0;0.0;0.0;0.0;0.0;0.0;0.0;0.0;0.0;0.0;0.0;0.0;0.0;0.0;0.0;0.0;0.0;0.0;0.0;0.0;0.0;0.0;0.0;0.0;0.416927
896.0;0.0;0.0;0.0;0.0;0.0;0.0;0.0;0.0;0.0;0.0;0.0;0.0;0.0;0.0;0.0;0.0;0.0;0.0;0.0;0.0;0.0;0.0;0.0;0.0;0.416148
896.5;0.0;0.0;0.0;0.0;0.0;0.0;0.0;0.0;0.0;0.0;0.0;0.0;0.0;0.0;0.0;0.0;0.0;0.0;0.0;0.0;0.0;0.0;0.0;0.0;0.41536
897.0;0.0;0.0;0.0;0.0;0.0;0.0;0.0;0.0;0.0;0.0;0.0;0.0;0.0;0.0;0.0;0.0;0.0;0.0;0.0;0.0;0.0;0.0;0.0;0.0;0.414563
897.5;0.0;0.0;0.0;0.0;0.0;0.0;0.0;0.0;0.0;0.0;0.0;0.0;0.0;0.0;0.0;0.0;0.0;0.0;0.0;0.0;0.0;0.0;0.0;0.0;0.413755
898.0;0.0;0.0;0.0;0.0;0.0;0.0;0.0;0.0;0.0;0.0;0.0;0.0;0.0;0.0;0.0;0.0;0.0;0.0;0.0;0.0;0.0;0.0;0.0;0.0;0.412936
898.5;0.0;0.0;0.0;0.0;0.0;0.0;0.0;0.0;0.0;0.0;0.0;0.0;0.0;0.0;0.0;0.0;0.0;0.0;0.0;0.0;0.0;0.0;0.0;0.0;0.412102
899.0;0.0;0.0;0.0;0.0;0.0;0.0;0.0;0.0;0.0;0.0;0.0;0.0;0.0;0.0;0.0;0.0;0.0;0.0;0.0;0.0;0.0;0.0;0.0;0.0;0.411254
899.5;0.0;0.0;0.0;0.0;0.0;0.0;0.0;0.0;0.0;0.0;0.0;0.0;0.0;0.0;0.0;0.0;0.0;0.0;0.0;0.0;0.0;0.0;0.0;0.0;0.410389
900.0;0.0;0.0;0.0;0.0;0.0;0.0;0.0;0.0;0.0;0.0;0.0;0.0;0.0;0.0;0.0;0.0;0.0;0.0;0.0;0.0;0.0;0.0;0.0;0.0;0.409506
900.5;0.0;0.0;0.0;0.0;0.0;0.0;0.0;0.0;0.0;0.0;0.0;0.0;0.0;0.0;0.0;0.0;0.0;0.0;0.0;0.0;0.0;0.0;0.0;0.0;0.408602
901.0;0.0;0.0;0.0;0.0;0.0;0.0;0.0;0.0;0.0;0.0;0.0;0.0;0.0;0.0;0.0;0.0;0.0;0.0;0.0;0.0;0.0;0.0;0.0;0.0;0.407676
901.5;0.0;0.0;0.0;0.0;0.0;0.0;0.0;0.0;0.0;0.0;0.0;0.0;0.0;0.0;0.0;0.0;0.0;0.0;0.0;0.0;0.0;0.0;0.0;0.0;0.406725
902.0;0.0;0.0;0.0;0.0;0.0;0.0;0.0;0.0;0.0;0.0;0.0;0.0;0.0;0.0;0.0;0.0;0.0;0.0;0.0;0.0;0.0;0.0;0.0;0.0;0.405747
902.5;0.0;0.0;0.0;0.0;0.0;0.0;0.0;0.0;0.0;0.0;0.0;0.0;0.0;0.0;0.0;0.0;0.0;0.0;0.0;0.0;0.0;0.0;0.0;0.0;0.404739
903.0;0.0;0.0;0.0;0.0;0.0;0.0;0.0;0.0;0.0;0.0;0.0;0.0;0.0;0.0;0.0;0.0;0.0;0.0;0.0;0.0;0.0;0.0;0.0;0.0;0.403699
903.5;0.0;0.0;0.0;0.0;0.0;0.0;0.0;0.0;0.0;0.0;0.0;0.0;0.0;0.0;0.0;0.0;0.0;0.0;0.0;0.0;0.0;0.0;0.0;0.0;0.402624
904.0;0.0;0.0;0.0;0.0;0.0;0.0;0.0;0.0;0.0;0.0;0.0;0.0;0.0;0.0;0.0;0.0;0.0;0.0;0.0;0.0;0.0;0.0;0.0;0.0;0.40151
904.5;0.0;0.0;0.0;0.0;0.0;0.0;0.0;0.0;0.0;0.0;0.0;0.0;0.0;0.0;0.0;0.0;0.0;0.0;0.0;0.0;0.0;0.0;0.0;0.0;0.400355
905.0;0.0;0.0;0.0;0.0;0.0;0.0;0.0;0.0;0.0;0.0;0.0;0.0;0.0;0.0;0.0;0.0;0.0;0.0;0.0;0.0;0.0;0.0;0.0;0.0;0.399155
905.5;0.0;0.0;0.0;0.0;0.0;0.0;0.0;0.0;0.0;0.0;0.0;0.0;0.0;0.0;0.0;0.0;0.0;0.0;0.0;0.0;0.0;0.0;0.0;0.0;0.397906
906.0;0.0;0.0;0.0;0.0;0.0;0.0;0.0;0.0;0.0;0.0;0.0;0.0;0.0;0.0;0.0;0.0;0.0;0.0;0.0;0.0;0.0;0.0;0.0;0.0;0.396606
906.5;0.0;0.0;0.0;0.0;0.0;0.0;0.0;0.0;0.0;0.0;0.0;0.0;0.0;0.0;0.0;0.0;0.0;0.0;0.0;0.0;0.0;0.0;0.0;0.0;0.39525
907.0;0.0;0.0;0.0;0.0;0.0;0.0;0.0;0.0;0.0;0.0;0.0;0.0;0.0;0.0;0.0;0.0;0.0;0.0;0.0;0.0;0.0;0.0;0.0;0.0;0.393833
907.5;0.0;0.0;0.0;0.0;0.0;0.0;0.0;0.0;0.0;0.0;0.0;0.0;0.0;0.0;0.0;0.0;0.0;0.0;0.0;0.0;0.0;0.0;0.0;0.0;0.392353
908.0;0.0;0.0;0.0;0.0;0.0;0.0;0.0;0.0;0.0;0.0;0.0;0.0;0.0;0.0;0.0;0.0;0.0;0.0;0.0;0.0;0.0;0.0;0.0;0.0;0.390805
908.5;0.0;0.0;0.0;0.0;0.0;0.0;0.0;0.0;0.0;0.0;0.0;0.0;0.0;0.0;0.0;0.0;0.0;0.0;0.0;0.0;0.0;0.0;0.0;0.0;0.389184
909.0;0.0;0.0;0.0;0.0;0.0;0.0;0.0;0.0;0.0;0.0;0.0;0.0;0.0;0.0;0.0;0.0;0.0;0.0;0.0;0.0;0.0;0.0;0.0;0.0;0.387487
909.5;0.0;0.0;0.0;0.0;0.0;0.0;0.0;0.0;0.0;0.0;0.0;0.0;0.0;0.0;0.0;0.0;0.0;0.0;0.0;0.0;0.0;0.0;0.0;0.0;0.385708
910.0;0.0;0.0;0.0;0.0;0.0;0.0;0.0;0.0;0.0;0.0;0.0;0.0;0.0;0.0;0.0;0.0;0.0;0.0;0.0;0.0;0.0;0.0;0.0;0.0;0.383843
910.5;0.0;0.0;0.0;0.0;0.0;0.0;0.0;0.0;0.0;0.0;0.0;0.0;0.0;0.0;0.0;0.0;0.0;0.0;0.0;0.0;0.0;0.0;0.0;0.0;0.381888
911.0;0.0;0.0;0.0;0.0;0.0;0.0;0.0;0.0;0.0;0.0;0.0;0.0;0.0;0.0;0.0;0.0;0.0;0.0;0.0;0.0;0.0;0.0;0.0;0.0;0.379839
911.5;0.0;0.0;0.0;0.0;0.0;0.0;0.0;0.0;0.0;0.0;0.0;0.0;0.0;0.0;0.0;0.0;0.0;0.0;0.0;0.0;0.0;0.0;0.0;0.0;0.37769
912.0;0.0;0.0;0.0;0.0;0.0;0.0;0.0;0.0;0.0;0.0;0.0;0.0;0.0;0.0;0.0;0.0;0.0;0.0;0.0;0.0;0.0;0.0;0.0;0.0;0.375438
912.5;0.0;0.0;0.0;0.0;0.0;0.0;0.0;0.0;0.0;0.0;0.0;0.0;0.0;0.0;0.0;0.0;0.0;0.0;0.0;0.0;0.0;0.0;0.0;0.0;0.373079
913.0;0.0;0.0;0.0;0.0;0.0;0.0;0.0;0.0;0.0;0.0;0.0;0.0;0.0;0.0;0.0;0.0;0.0;0.0;0.0;0.0;0.0;0.0;0.0;0.0;0.370607
913.5;0.0;0.0;0.0;0.0;0.0;0.0;0.0;0.0;0.0;0.0;0.0;0.0;0.0;0.0;0.0;0.0;0.0;0.0;0.0;0.0;0.0;0.0;0.0;0.0;0.36802
914.0;0.0;0.0;0.0;0.0;0.0;0.0;0.0;0.0;0.0;0.0;0.0;0.0;0.0;0.0;0.0;0.0;0.0;0.0;0.0;0.0;0.0;0.0;0.0;0.0;0.365314
914.5;0.0;0.0;0.0;0.0;0.0;0.0;0.0;0.0;0.0;0.0;0.0;0.0;0.0;0.0;0.0;0.0;0.0;0.0;0.0;0.0;0.0;0.0;0.0;0.0;0.362484
915.0;0.0;0.0;0.0;0.0;0.0;0.0;0.0;0.0;0.0;0.0;0.0;0.0;0.0;0.0;0.0;0.0;0.0;0.0;0.0;0.0;0.0;0.0;0.0;0.0;0.359529
915.5;0.0;0.0;0.0;0.0;0.0;0.0;0.0;0.0;0.0;0.0;0.0;0.0;0.0;0.0;0.0;0.0;0.0;0.0;0.0;0.0;0.0;0.0;0.0;0.0;0.356446
916.0;0.0;0.0;0.0;0.0;0.0;0.0;0.0;0.0;0.0;0.0;0.0;0.0;0.0;0.0;0.0;0.0;0.0;0.0;0.0;0.0;0.0;0.0;0.0;0.0;0.353231
916.5;0.0;0.0;0.0;0.0;0.0;0.0;0.0;0.0;0.0;0.0;0.0;0.0;0.0;0.0;0.0;0.0;0.0;0.0;0.0;0.0;0.0;0.0;0.0;0.0;0.349884
917.0;0.0;0.0;0.0;0.0;0.0;0.0;0.0;0.0;0.0;0.0;0.0;0.0;0.0;0.0;0.0;0.0;0.0;0.0;0.0;0.0;0.0;0.0;0.0;0.0;0.346403
917.5;0.0;0.0;0.0;0.0;0.0;0.0;0.0;0.0;0.0;0.0;0.0;0.0;0.0;0.0;0.0;0.0;0.0;0.0;0.0;0.0;0.0;0.0;0.0;0.0;0.342787
918.0;0.0;0.0;0.0;0.0;0.0;0.0;0.0;0.0;0.0;0.0;0.0;0.0;0.0;0.0;0.0;0.0;0.0;0.0;0.0;0.0;0.0;0.0;0.0;0.0;0.339037
918.5;0.0;0.0;0.0;0.0;0.0;0.0;0.0;0.0;0.0;0.0;0.0;0.0;0.0;0.0;0.0;0.0;0.0;0.0;0.0;0.0;0.0;0.0;0.0;0.0;0.335151
919.0;0.0;0.0;0.0;0.0;0.0;0.0;0.0;0.0;0.0;0.0;0.0;0.0;0.0;0.0;0.0;0.0;0.0;0.0;0.0;0.0;0.0;0.0;0.0;0.0;0.331133
919.5;0.0;0.0;0.0;0.0;0.0;0.0;0.0;0.0;0.0;0.0;0.0;0.0;0.0;0.0;0.0;0.0;0.0;0.0;0.0;0.0;0.0;0.0;0.0;0.0;0.326983
920.0;0.0;0.0;0.0;0.0;0.0;0.0;0.0;0.0;0.0;0.0;0.0;0.0;0.0;0.0;0.0;0.0;0.0;0.0;0.0;0.0;0.0;0.0;0.0;0.0;0.322704
920.5;0.0;0.0;0.0;0.0;0.0;0.0;0.0;0.0;0.0;0.0;0.0;0.0;0.0;0.0;0.0;0.0;0.0;0.0;0.0;0.0;0.0;0.0;0.0;0.0;0.318299
921.0;0.0;0.0;0.0;0.0;0.0;0.0;0.0;0.0;0.0;0.0;0.0;0.0;0.0;0.0;0.0;0.0;0.0;0.0;0.0;0.0;0.0;0.0;0.0;0.0;0.313773
921.5;0.0;0.0;0.0;0.0;0.0;0.0;0.0;0.0;0.0;0.0;0.0;0.0;0.0;0.0;0.0;0.0;0.0;0.0;0.0;0.0;0.0;0.0;0.0;0.0;0.309131
922.0;0.0;0.0;0.0;0.0;0.0;0.0;0.0;0.0;0.0;0.0;0.0;0.0;0.0;0.0;0.0;0.0;0.0;0.0;0.0;0.0;0.0;0.0;0.0;0.0;0.304378
922.5;0.0;0.0;0.0;0.0;0.0;0.0;0.0;0.0;0.0;0.0;0.0;0.0;0.0;0.0;0.0;0.0;0.0;0.0;0.0;0.0;0.0;0.0;0.0;0.0;0.299522
923.0;0.0;0.0;0.0;0.0;0.0;0.0;0.0;0.0;0.0;0.0;0.0;0.0;0.0;0.0;0.0;0.0;0.0;0.0;0.0;0.0;0.0;0.0;0.0;0.0;0.29457
923.5;0.0;0.0;0.0;0.0;0.0;0.0;0.0;0.0;0.0;0.0;0.0;0.0;0.0;0.0;0.0;0.0;0.0;0.0;0.0;0.0;0.0;0.0;0.0;0.0;0.28953
924.0;0.0;0.0;0.0;0.0;0.0;0.0;0.0;0.0;0.0;0.0;0.0;0.0;0.0;0.0;0.0;0.0;0.0;0.0;0.0;0.0;0.0;0.0;0.0;0.0;0.284412
924.5;0.0;0.0;0.0;0.0;0.0;0.0;0.0;0.0;0.0;0.0;0.0;0.0;0.0;0.0;0.0;0.0;0.0;0.0;0.0;0.0;0.0;0.0;0.0;0.0;0.279226
925.0;0.0;0.0;0.0;0.0;0.0;0.0;0.0;0.0;0.0;0.0;0.0;0.0;0.0;0.0;0.0;0.0;0.0;0.0;0.0;0.0;0.0;0.0;0.0;0.0;0.273983
925.5;0.0;0.0;0.0;0.0;0.0;0.0;0.0;0.0;0.0;0.0;0.0;0.0;0.0;0.0;0.0;0.0;0.0;0.0;0.0;0.0;0.0;0.0;0.0;0.0;0.268694
926.0;0.0;0.0;0.0;0.0;0.0;0.0;0.0;0.0;0.0;0.0;0.0;0.0;0.0;0.0;0.0;0.0;0.0;0.0;0.0;0.0;0.0;0.0;0.0;0.0;0.263374
926.5;0.0;0.0;0.0;0.0;0.0;0.0;0.0;0.0;0.0;0.0;0.0;0.0;0.0;0.0;0.0;0.0;0.0;0.0;0.0;0.0;0.0;0.0;0.0;0.0;0.258034
927.0;0.0;0.0;0.0;0.0;0.0;0.0;0.0;0.0;0.0;0.0;0.0;0.0;0.0;0.0;0.0;0.0;0.0;0.0;0.0;0.0;0.0;0.0;0.0;0.0;0.252689
927.5;0.0;0.0;0.0;0.0;0.0;0.0;0.0;0.0;0.0;0.0;0.0;0.0;0.0;0.0;0.0;0.0;0.0;0.0;0.0;0.0;0.0;0.0;0.0;0.0;0.247353
928.0;0.0;0.0;0.0;0.0;0.0;0.0;0.0;0.0;0.0;0.0;0.0;0.0;0.0;0.0;0.0;0.0;0.0;0.0;0.0;0.0;0.0;0.0;0.0;0.0;0.242041
928.5;0.0;0.0;0.0;0.0;0.0;0.0;0.0;0.0;0.0;0.0;0.0;0.0;0.0;0.0;0.0;0.0;0.0;0.0;0.0;0.0;0.0;0.0;0.0;0.0;0.236769
929.0;0.0;0.0;0.0;0.0;0.0;0.0;0.0;0.0;0.0;0.0;0.0;0.0;0.0;0.0;0.0;0.0;0.0;0.0;0.0;0.0;0.0;0.0;0.0;0.0;0.231553
929.5;0.0;0.0;0.0;0.0;0.0;0.0;0.0;0.0;0.0;0.0;0.0;0.0;0.0;0.0;0.0;0.0;0.0;0.0;0.0;0.0;0.0;0.0;0.0;0.0;0.22641
930.0;0.0;0.0;0.0;0.0;0.0;0.0;0.0;0.0;0.0;0.0;0.0;0.0;0.0;0.0;0.0;0.0;0.0;0.0;0.0;0.0;0.0;0.0;0.0;0.0;0.221354
930.5;0.0;0.0;0.0;0.0;0.0;0.0;0.0;0.0;0.0;0.0;0.0;0.0;0.0;0.0;0.0;0.0;0.0;0.0;0.0;0.0;0.0;0.0;0.0;0.0;0.216404
931.0;0.0;0.0;0.0;0.0;0.0;0.0;0.0;0.0;0.0;0.0;0.0;0.0;0.0;0.0;0.0;0.0;0.0;0.0;0.0;0.0;0.0;0.0;0.0;0.0;0.211575
931.5;0.0;0.0;0.0;0.0;0.0;0.0;0.0;0.0;0.0;0.0;0.0;0.0;0.0;0.0;0.0;0.0;0.0;0.0;0.0;0.0;0.0;0.0;0.0;0.0;0.206884
932.0;0.0;0.0;0.0;0.0;0.0;0.0;0.0;0.0;0.0;0.0;0.0;0.0;0.0;0.0;0.0;0.0;0.0;0.0;0.0;0.0;0.0;0.0;0.0;0.0;0.202346
932.5;0.0;0.0;0.0;0.0;0.0;0.0;0.0;0.0;0.0;0.0;0.0;0.0;0.0;0.0;0.0;0.0;0.0;0.0;0.0;0.0;0.0;0.0;0.0;0.0;0.197979
933.0;0.0;0.0;0.0;0.0;0.0;0.0;0.0;0.0;0.0;0.0;0.0;0.0;0.0;0.0;0.0;0.0;0.0;0.0;0.0;0.0;0.0;0.0;0.0;0.0;0.193798
933.5;0.0;0.0;0.0;0.0;0.0;0.0;0.0;0.0;0.0;0.0;0.0;0.0;0.0;0.0;0.0;0.0;0.0;0.0;0.0;0.0;0.0;0.0;0.0;0.0;0.189816
934.0;0.0;0.0;0.0;0.0;0.0;0.0;0.0;0.0;0.0;0.0;0.0;0.0;0.0;0.0;0.0;0.0;0.0;0.0;0.0;0.0;0.0;0.0;0.0;0.0;0.186049
934.5;0.0;0.0;0.0;0.0;0.0;0.0;0.0;0.0;0.0;0.0;0.0;0.0;0.0;0.0;0.0;0.0;0.0;0.0;0.0;0.0;0.0;0.0;0.0;0.0;0.182511
935.0;0.0;0.0;0.0;0.0;0.0;0.0;0.0;0.0;0.0;0.0;0.0;0.0;0.0;0.0;0.0;0.0;0.0;0.0;0.0;0.0;0.0;0.0;0.0;0.0;0.179213
935.5;0.0;0.0;0.0;0.0;0.0;0.0;0.0;0.0;0.0;0.0;0.0;0.0;0.0;0.0;0.0;0.0;0.0;0.0;0.0;0.0;0.0;0.0;0.0;0.0;0.176168
936.0;0.0;0.0;0.0;0.0;0.0;0.0;0.0;0.0;0.0;0.0;0.0;0.0;0.0;0.0;0.0;0.0;0.0;0.0;0.0;0.0;0.0;0.0;0.0;0.0;0.173387
936.5;0.0;0.0;0.0;0.0;0.0;0.0;0.0;0.0;0.0;0.0;0.0;0.0;0.0;0.0;0.0;0.0;0.0;0.0;0.0;0.0;0.0;0.0;0.0;0.0;0.170879
937.0;0.0;0.0;0.0;0.0;0.0;0.0;0.0;0.0;0.0;0.0;0.0;0.0;0.0;0.0;0.0;0.0;0.0;0.0;0.0;0.0;0.0;0.0;0.0;0.0;0.168653
937.5;0.0;0.0;0.0;0.0;0.0;0.0;0.0;0.0;0.0;0.0;0.0;0.0;0.0;0.0;0.0;0.0;0.0;0.0;0.0;0.0;0.0;0.0;0.0;0.0;0.166716
938.0;0.0;0.0;0.0;0.0;0.0;0.0;0.0;0.0;0.0;0.0;0.0;0.0;0.0;0.0;0.0;0.0;0.0;0.0;0.0;0.0;0.0;0.0;0.0;0.0;0.165075
938.5;0.0;0.0;0.0;0.0;0.0;0.0;0.0;0.0;0.0;0.0;0.0;0.0;0.0;0.0;0.0;0.0;0.0;0.0;0.0;0.0;0.0;0.0;0.0;0.0;0.163733
939.0;0.0;0.0;0.0;0.0;0.0;0.0;0.0;0.0;0.0;0.0;0.0;0.0;0.0;0.0;0.0;0.0;0.0;0.0;0.0;0.0;0.0;0.0;0.0;0.0;0.162695
939.5;0.0;0.0;0.0;0.0;0.0;0.0;0.0;0.0;0.0;0.0;0.0;0.0;0.0;0.0;0.0;0.0;0.0;0.0;0.0;0.0;0.0;0.0;0.0;0.0;0.161962
940.0;0.0;0.0;0.0;0.0;0.0;0.0;0.0;0.0;0.0;0.0;0.0;0.0;0.0;0.0;0.0;0.0;0.0;0.0;0.0;0.0;0.0;0.0;0.0;0.0;0.161535
940.5;0.0;0.0;0.0;0.0;0.0;0.0;0.0;0.0;0.0;0.0;0.0;0.0;0.0;0.0;0.0;0.0;0.0;0.0;0.0;0.0;0.0;0.0;0.0;0.0;0.161412
941.0;0.0;0.0;0.0;0.0;0.0;0.0;0.0;0.0;0.0;0.0;0.0;0.0;0.0;0.0;0.0;0.0;0.0;0.0;0.0;0.0;0.0;0.0;0.0;0.0;0.161593
941.5;0.0;0.0;0.0;0.0;0.0;0.0;0.0;0.0;0.0;0.0;0.0;0.0;0.0;0.0;0.0;0.0;0.0;0.0;0.0;0.0;0.0;0.0;0.0;0.0;0.162073
942.0;0.0;0.0;0.0;0.0;0.0;0.0;0.0;0.0;0.0;0.0;0.0;0.0;0.0;0.0;0.0;0.0;0.0;0.0;0.0;0.0;0.0;0.0;0.0;0.0;0.162847
942.5;0.0;0.0;0.0;0.0;0.0;0.0;0.0;0.0;0.0;0.0;0.0;0.0;0.0;0.0;0.0;0.0;0.0;0.0;0.0;0.0;0.0;0.0;0.0;0.0;0.163909
943.0;0.0;0.0;0.0;0.0;0.0;0.0;0.0;0.0;0.0;0.0;0.0;0.0;0.0;0.0;0.0;0.0;0.0;0.0;0.0;0.0;0.0;0.0;0.0;0.0;0.165251
943.5;0.0;0.0;0.0;0.0;0.0;0.0;0.0;0.0;0.0;0.0;0.0;0.0;0.0;0.0;0.0;0.0;0.0;0.0;0.0;0.0;0.0;0.0;0.0;0.0;0.166864
944.0;0.0;0.0;0.0;0.0;0.0;0.0;0.0;0.0;0.0;0.0;0.0;0.0;0.0;0.0;0.0;0.0;0.0;0.0;0.0;0.0;0.0;0.0;0.0;0.0;0.168739
944.5;0.0;0.0;0.0;0.0;0.0;0.0;0.0;0.0;0.0;0.0;0.0;0.0;0.0;0.0;0.0;0.0;0.0;0.0;0.0;0.0;0.0;0.0;0.0;0.0;0.170864
945.0;0.0;0.0;0.0;0.0;0.0;0.0;0.0;0.0;0.0;0.0;0.0;0.0;0.0;0.0;0.0;0.0;0.0;0.0;0.0;0.0;0.0;0.0;0.0;0.0;0.173228
945.5;0.0;0.0;0.0;0.0;0.0;0.0;0.0;0.0;0.0;0.0;0.0;0.0;0.0;0.0;0.0;0.0;0.0;0.0;0.0;0.0;0.0;0.0;0.0;0.0;0.175817
946.0;0.0;0.0;0.0;0.0;0.0;0.0;0.0;0.0;0.0;0.0;0.0;0.0;0.0;0.0;0.0;0.0;0.0;0.0;0.0;0.0;0.0;0.0;0.0;0.0;0.178619
946.5;0.0;0.0;0.0;0.0;0.0;0.0;0.0;0.0;0.0;0.0;0.0;0.0;0.0;0.0;0.0;0.0;0.0;0.0;0.0;0.0;0.0;0.0;0.0;0.0;0.181617
947.0;0.0;0.0;0.0;0.0;0.0;0.0;0.0;0.0;0.0;0.0;0.0;0.0;0.0;0.0;0.0;0.0;0.0;0.0;0.0;0.0;0.0;0.0;0.0;0.0;0.184798
947.5;0.0;0.0;0.0;0.0;0.0;0.0;0.0;0.0;0.0;0.0;0.0;0.0;0.0;0.0;0.0;0.0;0.0;0.0;0.0;0.0;0.0;0.0;0.0;0.0;0.188145
948.0;0.0;0.0;0.0;0.0;0.0;0.0;0.0;0.0;0.0;0.0;0.0;0.0;0.0;0.0;0.0;0.0;0.0;0.0;0.0;0.0;0.0;0.0;0.0;0.0;0.191643
948.5;0.0;0.0;0.0;0.0;0.0;0.0;0.0;0.0;0.0;0.0;0.0;0.0;0.0;0.0;0.0;0.0;0.0;0.0;0.0;0.0;0.0;0.0;0.0;0.0;0.195276
949.0;0.0;0.0;0.0;0.0;0.0;0.0;0.0;0.0;0.0;0.0;0.0;0.0;0.0;0.0;0.0;0.0;0.0;0.0;0.0;0.0;0.0;0.0;0.0;0.0;0.199027
949.5;0.0;0.0;0.0;0.0;0.0;0.0;0.0;0.0;0.0;0.0;0.0;0.0;0.0;0.0;0.0;0.0;0.0;0.0;0.0;0.0;0.0;0.0;0.0;0.0;0.202879
950.0;0.0;0.0;0.0;0.0;0.0;0.0;0.0;0.0;0.0;0.0;0.0;0.0;0.0;0.0;0.0;0.0;0.0;0.0;0.0;0.0;0.0;0.0;0.0;0.0;0.206817
950.5;0.0;0.0;0.0;0.0;0.0;0.0;0.0;0.0;0.0;0.0;0.0;0.0;0.0;0.0;0.0;0.0;0.0;0.0;0.0;0.0;0.0;0.0;0.0;0.0;0.210823
951.0;0.0;0.0;0.0;0.0;0.0;0.0;0.0;0.0;0.0;0.0;0.0;0.0;0.0;0.0;0.0;0.0;0.0;0.0;0.0;0.0;0.0;0.0;0.0;0.0;0.214882
951.5;0.0;0.0;0.0;0.0;0.0;0.0;0.0;0.0;0.0;0.0;0.0;0.0;0.0;0.0;0.0;0.0;0.0;0.0;0.0;0.0;0.0;0.0;0.0;0.0;0.218977
952.0;0.0;0.0;0.0;0.0;0.0;0.0;0.0;0.0;0.0;0.0;0.0;0.0;0.0;0.0;0.0;0.0;0.0;0.0;0.0;0.0;0.0;0.0;0.0;0.0;0.223094
952.5;0.0;0.0;0.0;0.0;0.0;0.0;0.0;0.0;0.0;0.0;0.0;0.0;0.0;0.0;0.0;0.0;0.0;0.0;0.0;0.0;0.0;0.0;0.0;0.0;0.227216
953.0;0.0;0.0;0.0;0.0;0.0;0.0;0.0;0.0;0.0;0.0;0.0;0.0;0.0;0.0;0.0;0.0;0.0;0.0;0.0;0.0;0.0;0.0;0.0;0.0;0.231331
953.5;0.0;0.0;0.0;0.0;0.0;0.0;0.0;0.0;0.0;0.0;0.0;0.0;0.0;0.0;0.0;0.0;0.0;0.0;0.0;0.0;0.0;0.0;0.0;0.0;0.235424
954.0;0.0;0.0;0.0;0.0;0.0;0.0;0.0;0.0;0.0;0.0;0.0;0.0;0.0;0.0;0.0;0.0;0.0;0.0;0.0;0.0;0.0;0.0;0.0;0.0;0.239481
954.5;0.0;0.0;0.0;0.0;0.0;0.0;0.0;0.0;0.0;0.0;0.0;0.0;0.0;0.0;0.0;0.0;0.0;0.0;0.0;0.0;0.0;0.0;0.0;0.0;0.243491
955.0;0.0;0.0;0.0;0.0;0.0;0.0;0.0;0.0;0.0;0.0;0.0;0.0;0.0;0.0;0.0;0.0;0.0;0.0;0.0;0.0;0.0;0.0;0.0;0.0;0.247441
955.5;0.0;0.0;0.0;0.0;0.0;0.0;0.0;0.0;0.0;0.0;0.0;0.0;0.0;0.0;0.0;0.0;0.0;0.0;0.0;0.0;0.0;0.0;0.0;0.0;0.251321
956.0;0.0;0.0;0.0;0.0;0.0;0.0;0.0;0.0;0.0;0.0;0.0;0.0;0.0;0.0;0.0;0.0;0.0;0.0;0.0;0.0;0.0;0.0;0.0;0.0;0.255121
956.5;0.0;0.0;0.0;0.0;0.0;0.0;0.0;0.0;0.0;0.0;0.0;0.0;0.0;0.0;0.0;0.0;0.0;0.0;0.0;0.0;0.0;0.0;0.0;0.0;0.258832
957.0;0.0;0.0;0.0;0.0;0.0;0.0;0.0;0.0;0.0;0.0;0.0;0.0;0.0;0.0;0.0;0.0;0.0;0.0;0.0;0.0;0.0;0.0;0.0;0.0;0.262445
957.5;0.0;0.0;0.0;0.0;0.0;0.0;0.0;0.0;0.0;0.0;0.0;0.0;0.0;0.0;0.0;0.0;0.0;0.0;0.0;0.0;0.0;0.0;0.0;0.0;0.265952
958.0;0.0;0.0;0.0;0.0;0.0;0.0;0.0;0.0;0.0;0.0;0.0;0.0;0.0;0.0;0.0;0.0;0.0;0.0;0.0;0.0;0.0;0.0;0.0;0.0;0.269348
958.5;0.0;0.0;0.0;0.0;0.0;0.0;0.0;0.0;0.0;0.0;0.0;0.0;0.0;0.0;0.0;0.0;0.0;0.0;0.0;0.0;0.0;0.0;0.0;0.0;0.272627
959.0;0.0;0.0;0.0;0.0;0.0;0.0;0.0;0.0;0.0;0.0;0.0;0.0;0.0;0.0;0.0;0.0;0.0;0.0;0.0;0.0;0.0;0.0;0.0;0.0;0.275783
959.5;0.0;0.0;0.0;0.0;0.0;0.0;0.0;0.0;0.0;0.0;0.0;0.0;0.0;0.0;0.0;0.0;0.0;0.0;0.0;0.0;0.0;0.0;0.0;0.0;0.278812
960.0;0.0;0.0;0.0;0.0;0.0;0.0;0.0;0.0;0.0;0.0;0.0;0.0;0.0;0.0;0.0;0.0;0.0;0.0;0.0;0.0;0.0;0.0;0.0;0.0;0.281712
960.5;0.0;0.0;0.0;0.0;0.0;0.0;0.0;0.0;0.0;0.0;0.0;0.0;0.0;0.0;0.0;0.0;0.0;0.0;0.0;0.0;0.0;0.0;0.0;0.0;0.28448
961.0;0.0;0.0;0.0;0.0;0.0;0.0;0.0;0.0;0.0;0.0;0.0;0.0;0.0;0.0;0.0;0.0;0.0;0.0;0.0;0.0;0.0;0.0;0.0;0.0;0.287114
961.5;0.0;0.0;0.0;0.0;0.0;0.0;0.0;0.0;0.0;0.0;0.0;0.0;0.0;0.0;0.0;0.0;0.0;0.0;0.0;0.0;0.0;0.0;0.0;0.0;0.289614
962.0;0.0;0.0;0.0;0.0;0.0;0.0;0.0;0.0;0.0;0.0;0.0;0.0;0.0;0.0;0.0;0.0;0.0;0.0;0.0;0.0;0.0;0.0;0.0;0.0;0.291978
962.5;0.0;0.0;0.0;0.0;0.0;0.0;0.0;0.0;0.0;0.0;0.0;0.0;0.0;0.0;0.0;0.0;0.0;0.0;0.0;0.0;0.0;0.0;0.0;0.0;0.294208
963.0;0.0;0.0;0.0;0.0;0.0;0.0;0.0;0.0;0.0;0.0;0.0;0.0;0.0;0.0;0.0;0.0;0.0;0.0;0.0;0.0;0.0;0.0;0.0;0.0;0.296304
963.5;0.0;0.0;0.0;0.0;0.0;0.0;0.0;0.0;0.0;0.0;0.0;0.0;0.0;0.0;0.0;0.0;0.0;0.0;0.0;0.0;0.0;0.0;0.0;0.0;0.298267
964.0;0.0;0.0;0.0;0.0;0.0;0.0;0.0;0.0;0.0;0.0;0.0;0.0;0.0;0.0;0.0;0.0;0.0;0.0;0.0;0.0;0.0;0.0;0.0;0.0;0.3001
964.5;0.0;0.0;0.0;0.0;0.0;0.0;0.0;0.0;0.0;0.0;0.0;0.0;0.0;0.0;0.0;0.0;0.0;0.0;0.0;0.0;0.0;0.0;0.0;0.0;0.301804
965.0;0.0;0.0;0.0;0.0;0.0;0.0;0.0;0.0;0.0;0.0;0.0;0.0;0.0;0.0;0.0;0.0;0.0;0.0;0.0;0.0;0.0;0.0;0.0;0.0;0.303383
965.5;0.0;0.0;0.0;0.0;0.0;0.0;0.0;0.0;0.0;0.0;0.0;0.0;0.0;0.0;0.0;0.0;0.0;0.0;0.0;0.0;0.0;0.0;0.0;0.0;0.30484
966.0;0.0;0.0;0.0;0.0;0.0;0.0;0.0;0.0;0.0;0.0;0.0;0.0;0.0;0.0;0.0;0.0;0.0;0.0;0.0;0.0;0.0;0.0;0.0;0.0;0.306179
966.5;0.0;0.0;0.0;0.0;0.0;0.0;0.0;0.0;0.0;0.0;0.0;0.0;0.0;0.0;0.0;0.0;0.0;0.0;0.0;0.0;0.0;0.0;0.0;0.0;0.307402
967.0;0.0;0.0;0.0;0.0;0.0;0.0;0.0;0.0;0.0;0.0;0.0;0.0;0.0;0.0;0.0;0.0;0.0;0.0;0.0;0.0;0.0;0.0;0.0;0.0;0.308514
967.5;0.0;0.0;0.0;0.0;0.0;0.0;0.0;0.0;0.0;0.0;0.0;0.0;0.0;0.0;0.0;0.0;0.0;0.0;0.0;0.0;0.0;0.0;0.0;0.0;0.309519
968.0;0.0;0.0;0.0;0.0;0.0;0.0;0.0;0.0;0.0;0.0;0.0;0.0;0.0;0.0;0.0;0.0;0.0;0.0;0.0;0.0;0.0;0.0;0.0;0.0;0.310421
968.5;0.0;0.0;0.0;0.0;0.0;0.0;0.0;0.0;0.0;0.0;0.0;0.0;0.0;0.0;0.0;0.0;0.0;0.0;0.0;0.0;0.0;0.0;0.0;0.0;0.311225
969.0;0.0;0.0;0.0;0.0;0.0;0.0;0.0;0.0;0.0;0.0;0.0;0.0;0.0;0.0;0.0;0.0;0.0;0.0;0.0;0.0;0.0;0.0;0.0;0.0;0.311935
969.5;0.0;0.0;0.0;0.0;0.0;0.0;0.0;0.0;0.0;0.0;0.0;0.0;0.0;0.0;0.0;0.0;0.0;0.0;0.0;0.0;0.0;0.0;0.0;0.0;0.312556
970.0;0.0;0.0;0.0;0.0;0.0;0.0;0.0;0.0;0.0;0.0;0.0;0.0;0.0;0.0;0.0;0.0;0.0;0.0;0.0;0.0;0.0;0.0;0.0;0.0;0.313091
970.5;0.0;0.0;0.0;0.0;0.0;0.0;0.0;0.0;0.0;0.0;0.0;0.0;0.0;0.0;0.0;0.0;0.0;0.0;0.0;0.0;0.0;0.0;0.0;0.0;0.313546
971.0;0.0;0.0;0.0;0.0;0.0;0.0;0.0;0.0;0.0;0.0;0.0;0.0;0.0;0.0;0.0;0.0;0.0;0.0;0.0;0.0;0.0;0.0;0.0;0.0;0.313925
971.5;0.0;0.0;0.0;0.0;0.0;0.0;0.0;0.0;0.0;0.0;0.0;0.0;0.0;0.0;0.0;0.0;0.0;0.0;0.0;0.0;0.0;0.0;0.0;0.0;0.314232
972.0;0.0;0.0;0.0;0.0;0.0;0.0;0.0;0.0;0.0;0.0;0.0;0.0;0.0;0.0;0.0;0.0;0.0;0.0;0.0;0.0;0.0;0.0;0.0;0.0;0.314472
972.5;0.0;0.0;0.0;0.0;0.0;0.0;0.0;0.0;0.0;0.0;0.0;0.0;0.0;0.0;0.0;0.0;0.0;0.0;0.0;0.0;0.0;0.0;0.0;0.0;0.314648
973.0;0.0;0.0;0.0;0.0;0.0;0.0;0.0;0.0;0.0;0.0;0.0;0.0;0.0;0.0;0.0;0.0;0.0;0.0;0.0;0.0;0.0;0.0;0.0;0.0;0.314765
973.5;0.0;0.0;0.0;0.0;0.0;0.0;0.0;0.0;0.0;0.0;0.0;0.0;0.0;0.0;0.0;0.0;0.0;0.0;0.0;0.0;0.0;0.0;0.0;0.0;0.314827
974.0;0.0;0.0;0.0;0.0;0.0;0.0;0.0;0.0;0.0;0.0;0.0;0.0;0.0;0.0;0.0;0.0;0.0;0.0;0.0;0.0;0.0;0.0;0.0;0.0;0.314838
974.5;0.0;0.0;0.0;0.0;0.0;0.0;0.0;0.0;0.0;0.0;0.0;0.0;0.0;0.0;0.0;0.0;0.0;0.0;0.0;0.0;0.0;0.0;0.0;0.0;0.3148
975.0;0.0;0.0;0.0;0.0;0.0;0.0;0.0;0.0;0.0;0.0;0.0;0.0;0.0;0.0;0.0;0.0;0.0;0.0;0.0;0.0;0.0;0.0;0.0;0.0;0.314718
975.5;0.0;0.0;0.0;0.0;0.0;0.0;0.0;0.0;0.0;0.0;0.0;0.0;0.0;0.0;0.0;0.0;0.0;0.0;0.0;0.0;0.0;0.0;0.0;0.0;0.314596
976.0;0.0;0.0;0.0;0.0;0.0;0.0;0.0;0.0;0.0;0.0;0.0;0.0;0.0;0.0;0.0;0.0;0.0;0.0;0.0;0.0;0.0;0.0;0.0;0.0;0.314435
976.5;0.0;0.0;0.0;0.0;0.0;0.0;0.0;0.0;0.0;0.0;0.0;0.0;0.0;0.0;0.0;0.0;0.0;0.0;0.0;0.0;0.0;0.0;0.0;0.0;0.314239
977.0;0.0;0.0;0.0;0.0;0.0;0.0;0.0;0.0;0.0;0.0;0.0;0.0;0.0;0.0;0.0;0.0;0.0;0.0;0.0;0.0;0.0;0.0;0.0;0.0;0.314011
977.5;0.0;0.0;0.0;0.0;0.0;0.0;0.0;0.0;0.0;0.0;0.0;0.0;0.0;0.0;0.0;0.0;0.0;0.0;0.0;0.0;0.0;0.0;0.0;0.0;0.313754
978.0;0.0;0.0;0.0;0.0;0.0;0.0;0.0;0.0;0.0;0.0;0.0;0.0;0.0;0.0;0.0;0.0;0.0;0.0;0.0;0.0;0.0;0.0;0.0;0.0;0.313471
978.5;0.0;0.0;0.0;0.0;0.0;0.0;0.0;0.0;0.0;0.0;0.0;0.0;0.0;0.0;0.0;0.0;0.0;0.0;0.0;0.0;0.0;0.0;0.0;0.0;0.313162
979.0;0.0;0.0;0.0;0.0;0.0;0.0;0.0;0.0;0.0;0.0;0.0;0.0;0.0;0.0;0.0;0.0;0.0;0.0;0.0;0.0;0.0;0.0;0.0;0.0;0.312832
979.5;0.0;0.0;0.0;0.0;0.0;0.0;0.0;0.0;0.0;0.0;0.0;0.0;0.0;0.0;0.0;0.0;0.0;0.0;0.0;0.0;0.0;0.0;0.0;0.0;0.312481
980.0;0.0;0.0;0.0;0.0;0.0;0.0;0.0;0.0;0.0;0.0;0.0;0.0;0.0;0.0;0.0;0.0;0.0;0.0;0.0;0.0;0.0;0.0;0.0;0.0;0.312111
980.5;0.0;0.0;0.0;0.0;0.0;0.0;0.0;0.0;0.0;0.0;0.0;0.0;0.0;0.0;0.0;0.0;0.0;0.0;0.0;0.0;0.0;0.0;0.0;0.0;0.311726
981.0;0.0;0.0;0.0;0.0;0.0;0.0;0.0;0.0;0.0;0.0;0.0;0.0;0.0;0.0;0.0;0.0;0.0;0.0;0.0;0.0;0.0;0.0;0.0;0.0;0.311325
981.5;0.0;0.0;0.0;0.0;0.0;0.0;0.0;0.0;0.0;0.0;0.0;0.0;0.0;0.0;0.0;0.0;0.0;0.0;0.0;0.0;0.0;0.0;0.0;0.0;0.310911
982.0;0.0;0.0;0.0;0.0;0.0;0.0;0.0;0.0;0.0;0.0;0.0;0.0;0.0;0.0;0.0;0.0;0.0;0.0;0.0;0.0;0.0;0.0;0.0;0.0;0.310485
982.5;0.0;0.0;0.0;0.0;0.0;0.0;0.0;0.0;0.0;0.0;0.0;0.0;0.0;0.0;0.0;0.0;0.0;0.0;0.0;0.0;0.0;0.0;0.0;0.0;0.310048
983.0;0.0;0.0;0.0;0.0;0.0;0.0;0.0;0.0;0.0;0.0;0.0;0.0;0.0;0.0;0.0;0.0;0.0;0.0;0.0;0.0;0.0;0.0;0.0;0.0;0.309602
983.5;0.0;0.0;0.0;0.0;0.0;0.0;0.0;0.0;0.0;0.0;0.0;0.0;0.0;0.0;0.0;0.0;0.0;0.0;0.0;0.0;0.0;0.0;0.0;0.0;0.309147
984.0;0.0;0.0;0.0;0.0;0.0;0.0;0.0;0.0;0.0;0.0;0.0;0.0;0.0;0.0;0.0;0.0;0.0;0.0;0.0;0.0;0.0;0.0;0.0;0.0;0.308685
984.5;0.0;0.0;0.0;0.0;0.0;0.0;0.0;0.0;0.0;0.0;0.0;0.0;0.0;0.0;0.0;0.0;0.0;0.0;0.0;0.0;0.0;0.0;0.0;0.0;0.308216
985.0;0.0;0.0;0.0;0.0;0.0;0.0;0.0;0.0;0.0;0.0;0.0;0.0;0.0;0.0;0.0;0.0;0.0;0.0;0.0;0.0;0.0;0.0;0.0;0.0;0.307742
985.5;0.0;0.0;0.0;0.0;0.0;0.0;0.0;0.0;0.0;0.0;0.0;0.0;0.0;0.0;0.0;0.0;0.0;0.0;0.0;0.0;0.0;0.0;0.0;0.0;0.307262
986.0;0.0;0.0;0.0;0.0;0.0;0.0;0.0;0.0;0.0;0.0;0.0;0.0;0.0;0.0;0.0;0.0;0.0;0.0;0.0;0.0;0.0;0.0;0.0;0.0;0.306778
986.5;0.0;0.0;0.0;0.0;0.0;0.0;0.0;0.0;0.0;0.0;0.0;0.0;0.0;0.0;0.0;0.0;0.0;0.0;0.0;0.0;0.0;0.0;0.0;0.0;0.30629
987.0;0.0;0.0;0.0;0.0;0.0;0.0;0.0;0.0;0.0;0.0;0.0;0.0;0.0;0.0;0.0;0.0;0.0;0.0;0.0;0.0;0.0;0.0;0.0;0.0;0.305799
987.5;0.0;0.0;0.0;0.0;0.0;0.0;0.0;0.0;0.0;0.0;0.0;0.0;0.0;0.0;0.0;0.0;0.0;0.0;0.0;0.0;0.0;0.0;0.0;0.0;0.305305
988.0;0.0;0.0;0.0;0.0;0.0;0.0;0.0;0.0;0.0;0.0;0.0;0.0;0.0;0.0;0.0;0.0;0.0;0.0;0.0;0.0;0.0;0.0;0.0;0.0;0.304808
988.5;0.0;0.0;0.0;0.0;0.0;0.0;0.0;0.0;0.0;0.0;0.0;0.0;0.0;0.0;0.0;0.0;0.0;0.0;0.0;0.0;0.0;0.0;0.0;0.0;0.30431
989.0;0.0;0.0;0.0;0.0;0.0;0.0;0.0;0.0;0.0;0.0;0.0;0.0;0.0;0.0;0.0;0.0;0.0;0.0;0.0;0.0;0.0;0.0;0.0;0.0;0.30381
989.5;0.0;0.0;0.0;0.0;0.0;0.0;0.0;0.0;0.0;0.0;0.0;0.0;0.0;0.0;0.0;0.0;0.0;0.0;0.0;0.0;0.0;0.0;0.0;0.0;0.303309
990.0;0.0;0.0;0.0;0.0;0.0;0.0;0.0;0.0;0.0;0.0;0.0;0.0;0.0;0.0;0.0;0.0;0.0;0.0;0.0;0.0;0.0;0.0;0.0;0.0;0.302806
990.5;0.0;0.0;0.0;0.0;0.0;0.0;0.0;0.0;0.0;0.0;0.0;0.0;0.0;0.0;0.0;0.0;0.0;0.0;0.0;0.0;0.0;0.0;0.0;0.0;0.302303
991.0;0.0;0.0;0.0;0.0;0.0;0.0;0.0;0.0;0.0;0.0;0.0;0.0;0.0;0.0;0.0;0.0;0.0;0.0;0.0;0.0;0.0;0.0;0.0;0.0;0.301799
991.5;0.0;0.0;0.0;0.0;0.0;0.0;0.0;0.0;0.0;0.0;0.0;0.0;0.0;0.0;0.0;0.0;0.0;0.0;0.0;0.0;0.0;0.0;0.0;0.0;0.301295
992.0;0.0;0.0;0.0;0.0;0.0;0.0;0.0;0.0;0.0;0.0;0.0;0.0;0.0;0.0;0.0;0.0;0.0;0.0;0.0;0.0;0.0;0.0;0.0;0.0;0.300791
992.5;0.0;0.0;0.0;0.0;0.0;0.0;0.0;0.0;0.0;0.0;0.0;0.0;0.0;0.0;0.0;0.0;0.0;0.0;0.0;0.0;0.0;0.0;0.0;0.0;0.300286
993.0;0.0;0.0;0.0;0.0;0.0;0.0;0.0;0.0;0.0;0.0;0.0;0.0;0.0;0.0;0.0;0.0;0.0;0.0;0.0;0.0;0.0;0.0;0.0;0.0;0.299782
993.5;0.0;0.0;0.0;0.0;0.0;0.0;0.0;0.0;0.0;0.0;0.0;0.0;0.0;0.0;0.0;0.0;0.0;0.0;0.0;0.0;0.0;0.0;0.0;0.0;0.299277
994.0;0.0;0.0;0.0;0.0;0.0;0.0;0.0;0.0;0.0;0.0;0.0;0.0;0.0;0.0;0.0;0.0;0.0;0.0;0.0;0.0;0.0;0.0;0.0;0.0;0.298773
994.5;0.0;0.0;0.0;0.0;0.0;0.0;0.0;0.0;0.0;0.0;0.0;0.0;0.0;0.0;0.0;0.0;0.0;0.0;0.0;0.0;0.0;0.0;0.0;0.0;0.29827
995.0;0.0;0.0;0.0;0.0;0.0;0.0;0.0;0.0;0.0;0.0;0.0;0.0;0.0;0.0;0.0;0.0;0.0;0.0;0.0;0.0;0.0;0.0;0.0;0.0;0.297766
995.5;0.0;0.0;0.0;0.0;0.0;0.0;0.0;0.0;0.0;0.0;0.0;0.0;0.0;0.0;0.0;0.0;0.0;0.0;0.0;0.0;0.0;0.0;0.0;0.0;0.297263
996.0;0.0;0.0;0.0;0.0;0.0;0.0;0.0;0.0;0.0;0.0;0.0;0.0;0.0;0.0;0.0;0.0;0.0;0.0;0.0;0.0;0.0;0.0;0.0;0.0;0.296761
996.5;0.0;0.0;0.0;0.0;0.0;0.0;0.0;0.0;0.0;0.0;0.0;0.0;0.0;0.0;0.0;0.0;0.0;0.0;0.0;0.0;0.0;0.0;0.0;0.0;0.296259
997.0;0.0;0.0;0.0;0.0;0.0;0.0;0.0;0.0;0.0;0.0;0.0;0.0;0.0;0.0;0.0;0.0;0.0;0.0;0.0;0.0;0.0;0.0;0.0;0.0;0.295758
997.5;0.0;0.0;0.0;0.0;0.0;0.0;0.0;0.0;0.0;0.0;0.0;0.0;0.0;0.0;0.0;0.0;0.0;0.0;0.0;0.0;0.0;0.0;0.0;0.0;0.295257
998.0;0.0;0.0;0.0;0.0;0.0;0.0;0.0;0.0;0.0;0.0;0.0;0.0;0.0;0.0;0.0;0.0;0.0;0.0;0.0;0.0;0.0;0.0;0.0;0.0;0.294758
998.5;0.0;0.0;0.0;0.0;0.0;0.0;0.0;0.0;0.0;0.0;0.0;0.0;0.0;0.0;0.0;0.0;0.0;0.0;0.0;0.0;0.0;0.0;0.0;0.0;0.294258
999.0;0.0;0.0;0.0;0.0;0.0;0.0;0.0;0.0;0.0;0.0;0.0;0.0;0.0;0.0;0.0;0.0;0.0;0.0;0.0;0.0;0.0;0.0;0.0;0.0;0.29376
999.5;0.0;0.0;0.0;0.0;0.0;0.0;0.0;0.0;0.0;0.0;0.0;0.0;0.0;0.0;0.0;0.0;0.0;0.0;0.0;0.0;0.0;0.0;0.0;0.0;0.293262
1000.0;0.0;0.0;0.0;0.0;0.0;0.0;0.0;0.0;0.0;0.0;0.0;0.0;0.0;0.0;0.0;0.0;0.0;0.0;0.0;0.0;0.0;0.0;0.0;0.0;0.292765
1000.5;0.0;0.0;0.0;0.0;0.0;0.0;0.0;0.0;0.0;0.0;0.0;0.0;0.0;0.0;0.0;0.0;0.0;0.0;0.0;0.0;0.0;0.0;0.0;0.0;0.292269
1001.0;0.0;0.0;0.0;0.0;0.0;0.0;0.0;0.0;0.0;0.0;0.0;0.0;0.0;0.0;0.0;0.0;0.0;0.0;0.0;0.0;0.0;0.0;0.0;0.0;0.291774
1001.5;0.0;0.0;0.0;0.0;0.0;0.0;0.0;0.0;0.0;0.0;0.0;0.0;0.0;0.0;0.0;0.0;0.0;0.0;0.0;0.0;0.0;0.0;0.0;0.0;0.291279
1002.0;0.0;0.0;0.0;0.0;0.0;0.0;0.0;0.0;0.0;0.0;0.0;0.0;0.0;0.0;0.0;0.0;0.0;0.0;0.0;0.0;0.0;0.0;0.0;0.0;0.290786
1002.5;0.0;0.0;0.0;0.0;0.0;0.0;0.0;0.0;0.0;0.0;0.0;0.0;0.0;0.0;0.0;0.0;0.0;0.0;0.0;0.0;0.0;0.0;0.0;0.0;0.290293
1003.0;0.0;0.0;0.0;0.0;0.0;0.0;0.0;0.0;0.0;0.0;0.0;0.0;0.0;0.0;0.0;0.0;0.0;0.0;0.0;0.0;0.0;0.0;0.0;0.0;0.289801
1003.5;0.0;0.0;0.0;0.0;0.0;0.0;0.0;0.0;0.0;0.0;0.0;0.0;0.0;0.0;0.0;0.0;0.0;0.0;0.0;0.0;0.0;0.0;0.0;0.0;0.289309
1004.0;0.0;0.0;0.0;0.0;0.0;0.0;0.0;0.0;0.0;0.0;0.0;0.0;0.0;0.0;0.0;0.0;0.0;0.0;0.0;0.0;0.0;0.0;0.0;0.0;0.288819
1004.5;0.0;0.0;0.0;0.0;0.0;0.0;0.0;0.0;0.0;0.0;0.0;0.0;0.0;0.0;0.0;0.0;0.0;0.0;0.0;0.0;0.0;0.0;0.0;0.0;0.288329
1005.0;0.0;0.0;0.0;0.0;0.0;0.0;0.0;0.0;0.0;0.0;0.0;0.0;0.0;0.0;0.0;0.0;0.0;0.0;0.0;0.0;0.0;0.0;0.0;0.0;0.28784
1005.5;0.0;0.0;0.0;0.0;0.0;0.0;0.0;0.0;0.0;0.0;0.0;0.0;0.0;0.0;0.0;0.0;0.0;0.0;0.0;0.0;0.0;0.0;0.0;0.0;0.287352
1006.0;0.0;0.0;0.0;0.0;0.0;0.0;0.0;0.0;0.0;0.0;0.0;0.0;0.0;0.0;0.0;0.0;0.0;0.0;0.0;0.0;0.0;0.0;0.0;0.0;0.286865
1006.5;0.0;0.0;0.0;0.0;0.0;0.0;0.0;0.0;0.0;0.0;0.0;0.0;0.0;0.0;0.0;0.0;0.0;0.0;0.0;0.0;0.0;0.0;0.0;0.0;0.286379
1007.0;0.0;0.0;0.0;0.0;0.0;0.0;0.0;0.0;0.0;0.0;0.0;0.0;0.0;0.0;0.0;0.0;0.0;0.0;0.0;0.0;0.0;0.0;0.0;0.0;0.285893
1007.5;0.0;0.0;0.0;0.0;0.0;0.0;0.0;0.0;0.0;0.0;0.0;0.0;0.0;0.0;0.0;0.0;0.0;0.0;0.0;0.0;0.0;0.0;0.0;0.0;0.285409
1008.0;0.0;0.0;0.0;0.0;0.0;0.0;0.0;0.0;0.0;0.0;0.0;0.0;0.0;0.0;0.0;0.0;0.0;0.0;0.0;0.0;0.0;0.0;0.0;0.0;0.284925
1008.5;0.0;0.0;0.0;0.0;0.0;0.0;0.0;0.0;0.0;0.0;0.0;0.0;0.0;0.0;0.0;0.0;0.0;0.0;0.0;0.0;0.0;0.0;0.0;0.0;0.284442
1009.0;0.0;0.0;0.0;0.0;0.0;0.0;0.0;0.0;0.0;0.0;0.0;0.0;0.0;0.0;0.0;0.0;0.0;0.0;0.0;0.0;0.0;0.0;0.0;0.0;0.28396
1009.5;0.0;0.0;0.0;0.0;0.0;0.0;0.0;0.0;0.0;0.0;0.0;0.0;0.0;0.0;0.0;0.0;0.0;0.0;0.0;0.0;0.0;0.0;0.0;0.0;0.283478
1010.0;0.0;0.0;0.0;0.0;0.0;0.0;0.0;0.0;0.0;0.0;0.0;0.0;0.0;0.0;0.0;0.0;0.0;0.0;0.0;0.0;0.0;0.0;0.0;0.0;0.282998
1010.5;0.0;0.0;0.0;0.0;0.0;0.0;0.0;0.0;0.0;0.0;0.0;0.0;0.0;0.0;0.0;0.0;0.0;0.0;0.0;0.0;0.0;0.0;0.0;0.0;0.282518
1011.0;0.0;0.0;0.0;0.0;0.0;0.0;0.0;0.0;0.0;0.0;0.0;0.0;0.0;0.0;0.0;0.0;0.0;0.0;0.0;0.0;0.0;0.0;0.0;0.0;0.282039
1011.5;0.0;0.0;0.0;0.0;0.0;0.0;0.0;0.0;0.0;0.0;0.0;0.0;0.0;0.0;0.0;0.0;0.0;0.0;0.0;0.0;0.0;0.0;0.0;0.0;0.281561
1012.0;0.0;0.0;0.0;0.0;0.0;0.0;0.0;0.0;0.0;0.0;0.0;0.0;0.0;0.0;0.0;0.0;0.0;0.0;0.0;0.0;0.0;0.0;0.0;0.0;0.281084
1012.5;0.0;0.0;0.0;0.0;0.0;0.0;0.0;0.0;0.0;0.0;0.0;0.0;0.0;0.0;0.0;0.0;0.0;0.0;0.0;0.0;0.0;0.0;0.0;0.0;0.280608
1013.0;0.0;0.0;0.0;0.0;0.0;0.0;0.0;0.0;0.0;0.0;0.0;0.0;0.0;0.0;0.0;0.0;0.0;0.0;0.0;0.0;0.0;0.0;0.0;0.0;0.280132
1013.5;0.0;0.0;0.0;0.0;0.0;0.0;0.0;0.0;0.0;0.0;0.0;0.0;0.0;0.0;0.0;0.0;0.0;0.0;0.0;0.0;0.0;0.0;0.0;0.0;0.279657
1014.0;0.0;0.0;0.0;0.0;0.0;0.0;0.0;0.0;0.0;0.0;0.0;0.0;0.0;0.0;0.0;0.0;0.0;0.0;0.0;0.0;0.0;0.0;0.0;0.0;0.279183
1014.5;0.0;0.0;0.0;0.0;0.0;0.0;0.0;0.0;0.0;0.0;0.0;0.0;0.0;0.0;0.0;0.0;0.0;0.0;0.0;0.0;0.0;0.0;0.0;0.0;0.27871
1015.0;0.0;0.0;0.0;0.0;0.0;0.0;0.0;0.0;0.0;0.0;0.0;0.0;0.0;0.0;0.0;0.0;0.0;0.0;0.0;0.0;0.0;0.0;0.0;0.0;0.278238
1015.5;0.0;0.0;0.0;0.0;0.0;0.0;0.0;0.0;0.0;0.0;0.0;0.0;0.0;0.0;0.0;0.0;0.0;0.0;0.0;0.0;0.0;0.0;0.0;0.0;0.277767
1016.0;0.0;0.0;0.0;0.0;0.0;0.0;0.0;0.0;0.0;0.0;0.0;0.0;0.0;0.0;0.0;0.0;0.0;0.0;0.0;0.0;0.0;0.0;0.0;0.0;0.277296
1016.5;0.0;0.0;0.0;0.0;0.0;0.0;0.0;0.0;0.0;0.0;0.0;0.0;0.0;0.0;0.0;0.0;0.0;0.0;0.0;0.0;0.0;0.0;0.0;0.0;0.276826
1017.0;0.0;0.0;0.0;0.0;0.0;0.0;0.0;0.0;0.0;0.0;0.0;0.0;0.0;0.0;0.0;0.0;0.0;0.0;0.0;0.0;0.0;0.0;0.0;0.0;0.276357
1017.5;0.0;0.0;0.0;0.0;0.0;0.0;0.0;0.0;0.0;0.0;0.0;0.0;0.0;0.0;0.0;0.0;0.0;0.0;0.0;0.0;0.0;0.0;0.0;0.0;0.275889
1018.0;0.0;0.0;0.0;0.0;0.0;0.0;0.0;0.0;0.0;0.0;0.0;0.0;0.0;0.0;0.0;0.0;0.0;0.0;0.0;0.0;0.0;0.0;0.0;0.0;0.275422
1018.5;0.0;0.0;0.0;0.0;0.0;0.0;0.0;0.0;0.0;0.0;0.0;0.0;0.0;0.0;0.0;0.0;0.0;0.0;0.0;0.0;0.0;0.0;0.0;0.0;0.274955
1019.0;0.0;0.0;0.0;0.0;0.0;0.0;0.0;0.0;0.0;0.0;0.0;0.0;0.0;0.0;0.0;0.0;0.0;0.0;0.0;0.0;0.0;0.0;0.0;0.0;0.274489
1019.5;0.0;0.0;0.0;0.0;0.0;0.0;0.0;0.0;0.0;0.0;0.0;0.0;0.0;0.0;0.0;0.0;0.0;0.0;0.0;0.0;0.0;0.0;0.0;0.0;0.274024
1020.0;0.0;0.0;0.0;0.0;0.0;0.0;0.0;0.0;0.0;0.0;0.0;0.0;0.0;0.0;0.0;0.0;0.0;0.0;0.0;0.0;0.0;0.0;0.0;0.0;0.27356
1020.5;0.0;0.0;0.0;0.0;0.0;0.0;0.0;0.0;0.0;0.0;0.0;0.0;0.0;0.0;0.0;0.0;0.0;0.0;0.0;0.0;0.0;0.0;0.0;0.0;0.273097
1021.0;0.0;0.0;0.0;0.0;0.0;0.0;0.0;0.0;0.0;0.0;0.0;0.0;0.0;0.0;0.0;0.0;0.0;0.0;0.0;0.0;0.0;0.0;0.0;0.0;0.272634
1021.5;0.0;0.0;0.0;0.0;0.0;0.0;0.0;0.0;0.0;0.0;0.0;0.0;0.0;0.0;0.0;0.0;0.0;0.0;0.0;0.0;0.0;0.0;0.0;0.0;0.272172
1022.0;0.0;0.0;0.0;0.0;0.0;0.0;0.0;0.0;0.0;0.0;0.0;0.0;0.0;0.0;0.0;0.0;0.0;0.0;0.0;0.0;0.0;0.0;0.0;0.0;0.271711
1022.5;0.0;0.0;0.0;0.0;0.0;0.0;0.0;0.0;0.0;0.0;0.0;0.0;0.0;0.0;0.0;0.0;0.0;0.0;0.0;0.0;0.0;0.0;0.0;0.0;0.271251
1023.0;0.0;0.0;0.0;0.0;0.0;0.0;0.0;0.0;0.0;0.0;0.0;0.0;0.0;0.0;0.0;0.0;0.0;0.0;0.0;0.0;0.0;0.0;0.0;0.0;0.270792
1023.5;0.0;0.0;0.0;0.0;0.0;0.0;0.0;0.0;0.0;0.0;0.0;0.0;0.0;0.0;0.0;0.0;0.0;0.0;0.0;0.0;0.0;0.0;0.0;0.0;0.270333
1024.0;0.0;0.0;0.0;0.0;0.0;0.0;0.0;0.0;0.0;0.0;0.0;0.0;0.0;0.0;0.0;0.0;0.0;0.0;0.0;0.0;0.0;0.0;0.0;0.0;0.269875
1024.5;0.0;0.0;0.0;0.0;0.0;0.0;0.0;0.0;0.0;0.0;0.0;0.0;0.0;0.0;0.0;0.0;0.0;0.0;0.0;0.0;0.0;0.0;0.0;0.0;0.269419
1025.0;0.0;0.0;0.0;0.0;0.0;0.0;0.0;0.0;0.0;0.0;0.0;0.0;0.0;0.0;0.0;0.0;0.0;0.0;0.0;0.0;0.0;0.0;0.0;0.0;0.268962
1025.5;0.0;0.0;0.0;0.0;0.0;0.0;0.0;0.0;0.0;0.0;0.0;0.0;0.0;0.0;0.0;0.0;0.0;0.0;0.0;0.0;0.0;0.0;0.0;0.0;0.268507
1026.0;0.0;0.0;0.0;0.0;0.0;0.0;0.0;0.0;0.0;0.0;0.0;0.0;0.0;0.0;0.0;0.0;0.0;0.0;0.0;0.0;0.0;0.0;0.0;0.0;0.268052
1026.5;0.0;0.0;0.0;0.0;0.0;0.0;0.0;0.0;0.0;0.0;0.0;0.0;0.0;0.0;0.0;0.0;0.0;0.0;0.0;0.0;0.0;0.0;0.0;0.0;0.267599
1027.0;0.0;0.0;0.0;0.0;0.0;0.0;0.0;0.0;0.0;0.0;0.0;0.0;0.0;0.0;0.0;0.0;0.0;0.0;0.0;0.0;0.0;0.0;0.0;0.0;0.267145
1027.5;0.0;0.0;0.0;0.0;0.0;0.0;0.0;0.0;0.0;0.0;0.0;0.0;0.0;0.0;0.0;0.0;0.0;0.0;0.0;0.0;0.0;0.0;0.0;0.0;0.266693
1028.0;0.0;0.0;0.0;0.0;0.0;0.0;0.0;0.0;0.0;0.0;0.0;0.0;0.0;0.0;0.0;0.0;0.0;0.0;0.0;0.0;0.0;0.0;0.0;0.0;0.266242
1028.5;0.0;0.0;0.0;0.0;0.0;0.0;0.0;0.0;0.0;0.0;0.0;0.0;0.0;0.0;0.0;0.0;0.0;0.0;0.0;0.0;0.0;0.0;0.0;0.0;0.265791
1029.0;0.0;0.0;0.0;0.0;0.0;0.0;0.0;0.0;0.0;0.0;0.0;0.0;0.0;0.0;0.0;0.0;0.0;0.0;0.0;0.0;0.0;0.0;0.0;0.0;0.265341
1029.5;0.0;0.0;0.0;0.0;0.0;0.0;0.0;0.0;0.0;0.0;0.0;0.0;0.0;0.0;0.0;0.0;0.0;0.0;0.0;0.0;0.0;0.0;0.0;0.0;0.264892
1030.0;0.0;0.0;0.0;0.0;0.0;0.0;0.0;0.0;0.0;0.0;0.0;0.0;0.0;0.0;0.0;0.0;0.0;0.0;0.0;0.0;0.0;0.0;0.0;0.0;0.264444
1030.5;0.0;0.0;0.0;0.0;0.0;0.0;0.0;0.0;0.0;0.0;0.0;0.0;0.0;0.0;0.0;0.0;0.0;0.0;0.0;0.0;0.0;0.0;0.0;0.0;0.263996
1031.0;0.0;0.0;0.0;0.0;0.0;0.0;0.0;0.0;0.0;0.0;0.0;0.0;0.0;0.0;0.0;0.0;0.0;0.0;0.0;0.0;0.0;0.0;0.0;0.0;0.263549
1031.5;0.0;0.0;0.0;0.0;0.0;0.0;0.0;0.0;0.0;0.0;0.0;0.0;0.0;0.0;0.0;0.0;0.0;0.0;0.0;0.0;0.0;0.0;0.0;0.0;0.263103
1032.0;0.0;0.0;0.0;0.0;0.0;0.0;0.0;0.0;0.0;0.0;0.0;0.0;0.0;0.0;0.0;0.0;0.0;0.0;0.0;0.0;0.0;0.0;0.0;0.0;0.262658
1032.5;0.0;0.0;0.0;0.0;0.0;0.0;0.0;0.0;0.0;0.0;0.0;0.0;0.0;0.0;0.0;0.0;0.0;0.0;0.0;0.0;0.0;0.0;0.0;0.0;0.262214
1033.0;0.0;0.0;0.0;0.0;0.0;0.0;0.0;0.0;0.0;0.0;0.0;0.0;0.0;0.0;0.0;0.0;0.0;0.0;0.0;0.0;0.0;0.0;0.0;0.0;0.26177
1033.5;0.0;0.0;0.0;0.0;0.0;0.0;0.0;0.0;0.0;0.0;0.0;0.0;0.0;0.0;0.0;0.0;0.0;0.0;0.0;0.0;0.0;0.0;0.0;0.0;0.261327
1034.0;0.0;0.0;0.0;0.0;0.0;0.0;0.0;0.0;0.0;0.0;0.0;0.0;0.0;0.0;0.0;0.0;0.0;0.0;0.0;0.0;0.0;0.0;0.0;0.0;0.260885
1034.5;0.0;0.0;0.0;0.0;0.0;0.0;0.0;0.0;0.0;0.0;0.0;0.0;0.0;0.0;0.0;0.0;0.0;0.0;0.0;0.0;0.0;0.0;0.0;0.0;0.260444
1035.0;0.0;0.0;0.0;0.0;0.0;0.0;0.0;0.0;0.0;0.0;0.0;0.0;0.0;0.0;0.0;0.0;0.0;0.0;0.0;0.0;0.0;0.0;0.0;0.0;0.260003
1035.5;0.0;0.0;0.0;0.0;0.0;0.0;0.0;0.0;0.0;0.0;0.0;0.0;0.0;0.0;0.0;0.0;0.0;0.0;0.0;0.0;0.0;0.0;0.0;0.0;0.259563
1036.0;0.0;0.0;0.0;0.0;0.0;0.0;0.0;0.0;0.0;0.0;0.0;0.0;0.0;0.0;0.0;0.0;0.0;0.0;0.0;0.0;0.0;0.0;0.0;0.0;0.259124
1036.5;0.0;0.0;0.0;0.0;0.0;0.0;0.0;0.0;0.0;0.0;0.0;0.0;0.0;0.0;0.0;0.0;0.0;0.0;0.0;0.0;0.0;0.0;0.0;0.0;0.258686
1037.0;0.0;0.0;0.0;0.0;0.0;0.0;0.0;0.0;0.0;0.0;0.0;0.0;0.0;0.0;0.0;0.0;0.0;0.0;0.0;0.0;0.0;0.0;0.0;0.0;0.258248
1037.5;0.0;0.0;0.0;0.0;0.0;0.0;0.0;0.0;0.0;0.0;0.0;0.0;0.0;0.0;0.0;0.0;0.0;0.0;0.0;0.0;0.0;0.0;0.0;0.0;0.257812
1038.0;0.0;0.0;0.0;0.0;0.0;0.0;0.0;0.0;0.0;0.0;0.0;0.0;0.0;0.0;0.0;0.0;0.0;0.0;0.0;0.0;0.0;0.0;0.0;0.0;0.257376
1038.5;0.0;0.0;0.0;0.0;0.0;0.0;0.0;0.0;0.0;0.0;0.0;0.0;0.0;0.0;0.0;0.0;0.0;0.0;0.0;0.0;0.0;0.0;0.0;0.0;0.25694
1039.0;0.0;0.0;0.0;0.0;0.0;0.0;0.0;0.0;0.0;0.0;0.0;0.0;0.0;0.0;0.0;0.0;0.0;0.0;0.0;0.0;0.0;0.0;0.0;0.0;0.256506
1039.5;0.0;0.0;0.0;0.0;0.0;0.0;0.0;0.0;0.0;0.0;0.0;0.0;0.0;0.0;0.0;0.0;0.0;0.0;0.0;0.0;0.0;0.0;0.0;0.0;0.256072
1040.0;0.0;0.0;0.0;0.0;0.0;0.0;0.0;0.0;0.0;0.0;0.0;0.0;0.0;0.0;0.0;0.0;0.0;0.0;0.0;0.0;0.0;0.0;0.0;0.0;0.255639
1040.5;0.0;0.0;0.0;0.0;0.0;0.0;0.0;0.0;0.0;0.0;0.0;0.0;0.0;0.0;0.0;0.0;0.0;0.0;0.0;0.0;0.0;0.0;0.0;0.0;0.255207
1041.0;0.0;0.0;0.0;0.0;0.0;0.0;0.0;0.0;0.0;0.0;0.0;0.0;0.0;0.0;0.0;0.0;0.0;0.0;0.0;0.0;0.0;0.0;0.0;0.0;0.254775
1041.5;0.0;0.0;0.0;0.0;0.0;0.0;0.0;0.0;0.0;0.0;0.0;0.0;0.0;0.0;0.0;0.0;0.0;0.0;0.0;0.0;0.0;0.0;0.0;0.0;0.254345
1042.0;0.0;0.0;0.0;0.0;0.0;0.0;0.0;0.0;0.0;0.0;0.0;0.0;0.0;0.0;0.0;0.0;0.0;0.0;0.0;0.0;0.0;0.0;0.0;0.0;0.253915
1042.5;0.0;0.0;0.0;0.0;0.0;0.0;0.0;0.0;0.0;0.0;0.0;0.0;0.0;0.0;0.0;0.0;0.0;0.0;0.0;0.0;0.0;0.0;0.0;0.0;0.253485
1043.0;0.0;0.0;0.0;0.0;0.0;0.0;0.0;0.0;0.0;0.0;0.0;0.0;0.0;0.0;0.0;0.0;0.0;0.0;0.0;0.0;0.0;0.0;0.0;0.0;0.253057
1043.5;0.0;0.0;0.0;0.0;0.0;0.0;0.0;0.0;0.0;0.0;0.0;0.0;0.0;0.0;0.0;0.0;0.0;0.0;0.0;0.0;0.0;0.0;0.0;0.0;0.252629
1044.0;0.0;0.0;0.0;0.0;0.0;0.0;0.0;0.0;0.0;0.0;0.0;0.0;0.0;0.0;0.0;0.0;0.0;0.0;0.0;0.0;0.0;0.0;0.0;0.0;0.252202
1044.5;0.0;0.0;0.0;0.0;0.0;0.0;0.0;0.0;0.0;0.0;0.0;0.0;0.0;0.0;0.0;0.0;0.0;0.0;0.0;0.0;0.0;0.0;0.0;0.0;0.251776
1045.0;0.0;0.0;0.0;0.0;0.0;0.0;0.0;0.0;0.0;0.0;0.0;0.0;0.0;0.0;0.0;0.0;0.0;0.0;0.0;0.0;0.0;0.0;0.0;0.0;0.25135
1045.5;0.0;0.0;0.0;0.0;0.0;0.0;0.0;0.0;0.0;0.0;0.0;0.0;0.0;0.0;0.0;0.0;0.0;0.0;0.0;0.0;0.0;0.0;0.0;0.0;0.250926
1046.0;0.0;0.0;0.0;0.0;0.0;0.0;0.0;0.0;0.0;0.0;0.0;0.0;0.0;0.0;0.0;0.0;0.0;0.0;0.0;0.0;0.0;0.0;0.0;0.0;0.250501
1046.5;0.0;0.0;0.0;0.0;0.0;0.0;0.0;0.0;0.0;0.0;0.0;0.0;0.0;0.0;0.0;0.0;0.0;0.0;0.0;0.0;0.0;0.0;0.0;0.0;0.250078
1047.0;0.0;0.0;0.0;0.0;0.0;0.0;0.0;0.0;0.0;0.0;0.0;0.0;0.0;0.0;0.0;0.0;0.0;0.0;0.0;0.0;0.0;0.0;0.0;0.0;0.249656
1047.5;0.0;0.0;0.0;0.0;0.0;0.0;0.0;0.0;0.0;0.0;0.0;0.0;0.0;0.0;0.0;0.0;0.0;0.0;0.0;0.0;0.0;0.0;0.0;0.0;0.249234
1048.0;0.0;0.0;0.0;0.0;0.0;0.0;0.0;0.0;0.0;0.0;0.0;0.0;0.0;0.0;0.0;0.0;0.0;0.0;0.0;0.0;0.0;0.0;0.0;0.0;0.248813
1048.5;0.0;0.0;0.0;0.0;0.0;0.0;0.0;0.0;0.0;0.0;0.0;0.0;0.0;0.0;0.0;0.0;0.0;0.0;0.0;0.0;0.0;0.0;0.0;0.0;0.248392
1049.0;0.0;0.0;0.0;0.0;0.0;0.0;0.0;0.0;0.0;0.0;0.0;0.0;0.0;0.0;0.0;0.0;0.0;0.0;0.0;0.0;0.0;0.0;0.0;0.0;0.247973
1049.5;0.0;0.0;0.0;0.0;0.0;0.0;0.0;0.0;0.0;0.0;0.0;0.0;0.0;0.0;0.0;0.0;0.0;0.0;0.0;0.0;0.0;0.0;0.0;0.0;0.247554
1050.0;0.0;0.0;0.0;0.0;0.0;0.0;0.0;0.0;0.0;0.0;0.0;0.0;0.0;0.0;0.0;0.0;0.0;0.0;0.0;0.0;0.0;0.0;0.0;0.0;0.247136
1050.5;0.0;0.0;0.0;0.0;0.0;0.0;0.0;0.0;0.0;0.0;0.0;0.0;0.0;0.0;0.0;0.0;0.0;0.0;0.0;0.0;0.0;0.0;0.0;0.0;0.246718
1051.0;0.0;0.0;0.0;0.0;0.0;0.0;0.0;0.0;0.0;0.0;0.0;0.0;0.0;0.0;0.0;0.0;0.0;0.0;0.0;0.0;0.0;0.0;0.0;0.0;0.246302
1051.5;0.0;0.0;0.0;0.0;0.0;0.0;0.0;0.0;0.0;0.0;0.0;0.0;0.0;0.0;0.0;0.0;0.0;0.0;0.0;0.0;0.0;0.0;0.0;0.0;0.245886
1052.0;0.0;0.0;0.0;0.0;0.0;0.0;0.0;0.0;0.0;0.0;0.0;0.0;0.0;0.0;0.0;0.0;0.0;0.0;0.0;0.0;0.0;0.0;0.0;0.0;0.24547
1052.5;0.0;0.0;0.0;0.0;0.0;0.0;0.0;0.0;0.0;0.0;0.0;0.0;0.0;0.0;0.0;0.0;0.0;0.0;0.0;0.0;0.0;0.0;0.0;0.0;0.245056
1053.0;0.0;0.0;0.0;0.0;0.0;0.0;0.0;0.0;0.0;0.0;0.0;0.0;0.0;0.0;0.0;0.0;0.0;0.0;0.0;0.0;0.0;0.0;0.0;0.0;0.244642
1053.5;0.0;0.0;0.0;0.0;0.0;0.0;0.0;0.0;0.0;0.0;0.0;0.0;0.0;0.0;0.0;0.0;0.0;0.0;0.0;0.0;0.0;0.0;0.0;0.0;0.244229
1054.0;0.0;0.0;0.0;0.0;0.0;0.0;0.0;0.0;0.0;0.0;0.0;0.0;0.0;0.0;0.0;0.0;0.0;0.0;0.0;0.0;0.0;0.0;0.0;0.0;0.243817
1054.5;0.0;0.0;0.0;0.0;0.0;0.0;0.0;0.0;0.0;0.0;0.0;0.0;0.0;0.0;0.0;0.0;0.0;0.0;0.0;0.0;0.0;0.0;0.0;0.0;0.243405
1055.0;0.0;0.0;0.0;0.0;0.0;0.0;0.0;0.0;0.0;0.0;0.0;0.0;0.0;0.0;0.0;0.0;0.0;0.0;0.0;0.0;0.0;0.0;0.0;0.0;0.242994
1055.5;0.0;0.0;0.0;0.0;0.0;0.0;0.0;0.0;0.0;0.0;0.0;0.0;0.0;0.0;0.0;0.0;0.0;0.0;0.0;0.0;0.0;0.0;0.0;0.0;0.242584
1056.0;0.0;0.0;0.0;0.0;0.0;0.0;0.0;0.0;0.0;0.0;0.0;0.0;0.0;0.0;0.0;0.0;0.0;0.0;0.0;0.0;0.0;0.0;0.0;0.0;0.242174
1056.5;0.0;0.0;0.0;0.0;0.0;0.0;0.0;0.0;0.0;0.0;0.0;0.0;0.0;0.0;0.0;0.0;0.0;0.0;0.0;0.0;0.0;0.0;0.0;0.0;0.241765
1057.0;0.0;0.0;0.0;0.0;0.0;0.0;0.0;0.0;0.0;0.0;0.0;0.0;0.0;0.0;0.0;0.0;0.0;0.0;0.0;0.0;0.0;0.0;0.0;0.0;0.241357
1057.5;0.0;0.0;0.0;0.0;0.0;0.0;0.0;0.0;0.0;0.0;0.0;0.0;0.0;0.0;0.0;0.0;0.0;0.0;0.0;0.0;0.0;0.0;0.0;0.0;0.24095
1058.0;0.0;0.0;0.0;0.0;0.0;0.0;0.0;0.0;0.0;0.0;0.0;0.0;0.0;0.0;0.0;0.0;0.0;0.0;0.0;0.0;0.0;0.0;0.0;0.0;0.240543
1058.5;0.0;0.0;0.0;0.0;0.0;0.0;0.0;0.0;0.0;0.0;0.0;0.0;0.0;0.0;0.0;0.0;0.0;0.0;0.0;0.0;0.0;0.0;0.0;0.0;0.240138
1059.0;0.0;0.0;0.0;0.0;0.0;0.0;0.0;0.0;0.0;0.0;0.0;0.0;0.0;0.0;0.0;0.0;0.0;0.0;0.0;0.0;0.0;0.0;0.0;0.0;0.239732
1059.5;0.0;0.0;0.0;0.0;0.0;0.0;0.0;0.0;0.0;0.0;0.0;0.0;0.0;0.0;0.0;0.0;0.0;0.0;0.0;0.0;0.0;0.0;0.0;0.0;0.239328
1060.0;0.0;0.0;0.0;0.0;0.0;0.0;0.0;0.0;0.0;0.0;0.0;0.0;0.0;0.0;0.0;0.0;0.0;0.0;0.0;0.0;0.0;0.0;0.0;0.0;0.238924
1060.5;0.0;0.0;0.0;0.0;0.0;0.0;0.0;0.0;0.0;0.0;0.0;0.0;0.0;0.0;0.0;0.0;0.0;0.0;0.0;0.0;0.0;0.0;0.0;0.0;0.238521
1061.0;0.0;0.0;0.0;0.0;0.0;0.0;0.0;0.0;0.0;0.0;0.0;0.0;0.0;0.0;0.0;0.0;0.0;0.0;0.0;0.0;0.0;0.0;0.0;0.0;0.238118
1061.5;0.0;0.0;0.0;0.0;0.0;0.0;0.0;0.0;0.0;0.0;0.0;0.0;0.0;0.0;0.0;0.0;0.0;0.0;0.0;0.0;0.0;0.0;0.0;0.0;0.237717
1062.0;0.0;0.0;0.0;0.0;0.0;0.0;0.0;0.0;0.0;0.0;0.0;0.0;0.0;0.0;0.0;0.0;0.0;0.0;0.0;0.0;0.0;0.0;0.0;0.0;0.237316
1062.5;0.0;0.0;0.0;0.0;0.0;0.0;0.0;0.0;0.0;0.0;0.0;0.0;0.0;0.0;0.0;0.0;0.0;0.0;0.0;0.0;0.0;0.0;0.0;0.0;0.236915
1063.0;0.0;0.0;0.0;0.0;0.0;0.0;0.0;0.0;0.0;0.0;0.0;0.0;0.0;0.0;0.0;0.0;0.0;0.0;0.0;0.0;0.0;0.0;0.0;0.0;0.236516
1063.5;0.0;0.0;0.0;0.0;0.0;0.0;0.0;0.0;0.0;0.0;0.0;0.0;0.0;0.0;0.0;0.0;0.0;0.0;0.0;0.0;0.0;0.0;0.0;0.0;0.236117
1064.0;0.0;0.0;0.0;0.0;0.0;0.0;0.0;0.0;0.0;0.0;0.0;0.0;0.0;0.0;0.0;0.0;0.0;0.0;0.0;0.0;0.0;0.0;0.0;0.0;0.235719
1064.5;0.0;0.0;0.0;0.0;0.0;0.0;0.0;0.0;0.0;0.0;0.0;0.0;0.0;0.0;0.0;0.0;0.0;0.0;0.0;0.0;0.0;0.0;0.0;0.0;0.235321
1065.0;0.0;0.0;0.0;0.0;0.0;0.0;0.0;0.0;0.0;0.0;0.0;0.0;0.0;0.0;0.0;0.0;0.0;0.0;0.0;0.0;0.0;0.0;0.0;0.0;0.234924
1065.5;0.0;0.0;0.0;0.0;0.0;0.0;0.0;0.0;0.0;0.0;0.0;0.0;0.0;0.0;0.0;0.0;0.0;0.0;0.0;0.0;0.0;0.0;0.0;0.0;0.234528
1066.0;0.0;0.0;0.0;0.0;0.0;0.0;0.0;0.0;0.0;0.0;0.0;0.0;0.0;0.0;0.0;0.0;0.0;0.0;0.0;0.0;0.0;0.0;0.0;0.0;0.234133
1066.5;0.0;0.0;0.0;0.0;0.0;0.0;0.0;0.0;0.0;0.0;0.0;0.0;0.0;0.0;0.0;0.0;0.0;0.0;0.0;0.0;0.0;0.0;0.0;0.0;0.233738
1067.0;0.0;0.0;0.0;0.0;0.0;0.0;0.0;0.0;0.0;0.0;0.0;0.0;0.0;0.0;0.0;0.0;0.0;0.0;0.0;0.0;0.0;0.0;0.0;0.0;0.233344
1067.5;0.0;0.0;0.0;0.0;0.0;0.0;0.0;0.0;0.0;0.0;0.0;0.0;0.0;0.0;0.0;0.0;0.0;0.0;0.0;0.0;0.0;0.0;0.0;0.0;0.232951
1068.0;0.0;0.0;0.0;0.0;0.0;0.0;0.0;0.0;0.0;0.0;0.0;0.0;0.0;0.0;0.0;0.0;0.0;0.0;0.0;0.0;0.0;0.0;0.0;0.0;0.232558
1068.5;0.0;0.0;0.0;0.0;0.0;0.0;0.0;0.0;0.0;0.0;0.0;0.0;0.0;0.0;0.0;0.0;0.0;0.0;0.0;0.0;0.0;0.0;0.0;0.0;0.232166
1069.0;0.0;0.0;0.0;0.0;0.0;0.0;0.0;0.0;0.0;0.0;0.0;0.0;0.0;0.0;0.0;0.0;0.0;0.0;0.0;0.0;0.0;0.0;0.0;0.0;0.231775
1069.5;0.0;0.0;0.0;0.0;0.0;0.0;0.0;0.0;0.0;0.0;0.0;0.0;0.0;0.0;0.0;0.0;0.0;0.0;0.0;0.0;0.0;0.0;0.0;0.0;0.231384
1070.0;0.0;0.0;0.0;0.0;0.0;0.0;0.0;0.0;0.0;0.0;0.0;0.0;0.0;0.0;0.0;0.0;0.0;0.0;0.0;0.0;0.0;0.0;0.0;0.0;0.230994
1070.5;0.0;0.0;0.0;0.0;0.0;0.0;0.0;0.0;0.0;0.0;0.0;0.0;0.0;0.0;0.0;0.0;0.0;0.0;0.0;0.0;0.0;0.0;0.0;0.0;0.230605
1071.0;0.0;0.0;0.0;0.0;0.0;0.0;0.0;0.0;0.0;0.0;0.0;0.0;0.0;0.0;0.0;0.0;0.0;0.0;0.0;0.0;0.0;0.0;0.0;0.0;0.230216
1071.5;0.0;0.0;0.0;0.0;0.0;0.0;0.0;0.0;0.0;0.0;0.0;0.0;0.0;0.0;0.0;0.0;0.0;0.0;0.0;0.0;0.0;0.0;0.0;0.0;0.229829
1072.0;0.0;0.0;0.0;0.0;0.0;0.0;0.0;0.0;0.0;0.0;0.0;0.0;0.0;0.0;0.0;0.0;0.0;0.0;0.0;0.0;0.0;0.0;0.0;0.0;0.229441
1072.5;0.0;0.0;0.0;0.0;0.0;0.0;0.0;0.0;0.0;0.0;0.0;0.0;0.0;0.0;0.0;0.0;0.0;0.0;0.0;0.0;0.0;0.0;0.0;0.0;0.229055
1073.0;0.0;0.0;0.0;0.0;0.0;0.0;0.0;0.0;0.0;0.0;0.0;0.0;0.0;0.0;0.0;0.0;0.0;0.0;0.0;0.0;0.0;0.0;0.0;0.0;0.228669
1073.5;0.0;0.0;0.0;0.0;0.0;0.0;0.0;0.0;0.0;0.0;0.0;0.0;0.0;0.0;0.0;0.0;0.0;0.0;0.0;0.0;0.0;0.0;0.0;0.0;0.228284
1074.0;0.0;0.0;0.0;0.0;0.0;0.0;0.0;0.0;0.0;0.0;0.0;0.0;0.0;0.0;0.0;0.0;0.0;0.0;0.0;0.0;0.0;0.0;0.0;0.0;0.227899
1074.5;0.0;0.0;0.0;0.0;0.0;0.0;0.0;0.0;0.0;0.0;0.0;0.0;0.0;0.0;0.0;0.0;0.0;0.0;0.0;0.0;0.0;0.0;0.0;0.0;0.227515
1075.0;0.0;0.0;0.0;0.0;0.0;0.0;0.0;0.0;0.0;0.0;0.0;0.0;0.0;0.0;0.0;0.0;0.0;0.0;0.0;0.0;0.0;0.0;0.0;0.0;0.227132
1075.5;0.0;0.0;0.0;0.0;0.0;0.0;0.0;0.0;0.0;0.0;0.0;0.0;0.0;0.0;0.0;0.0;0.0;0.0;0.0;0.0;0.0;0.0;0.0;0.0;0.22675
1076.0;0.0;0.0;0.0;0.0;0.0;0.0;0.0;0.0;0.0;0.0;0.0;0.0;0.0;0.0;0.0;0.0;0.0;0.0;0.0;0.0;0.0;0.0;0.0;0.0;0.226368
1076.5;0.0;0.0;0.0;0.0;0.0;0.0;0.0;0.0;0.0;0.0;0.0;0.0;0.0;0.0;0.0;0.0;0.0;0.0;0.0;0.0;0.0;0.0;0.0;0.0;0.225987
1077.0;0.0;0.0;0.0;0.0;0.0;0.0;0.0;0.0;0.0;0.0;0.0;0.0;0.0;0.0;0.0;0.0;0.0;0.0;0.0;0.0;0.0;0.0;0.0;0.0;0.225606
1077.5;0.0;0.0;0.0;0.0;0.0;0.0;0.0;0.0;0.0;0.0;0.0;0.0;0.0;0.0;0.0;0.0;0.0;0.0;0.0;0.0;0.0;0.0;0.0;0.0;0.225227
1078.0;0.0;0.0;0.0;0.0;0.0;0.0;0.0;0.0;0.0;0.0;0.0;0.0;0.0;0.0;0.0;0.0;0.0;0.0;0.0;0.0;0.0;0.0;0.0;0.0;0.224847
1078.5;0.0;0.0;0.0;0.0;0.0;0.0;0.0;0.0;0.0;0.0;0.0;0.0;0.0;0.0;0.0;0.0;0.0;0.0;0.0;0.0;0.0;0.0;0.0;0.0;0.224469
1079.0;0.0;0.0;0.0;0.0;0.0;0.0;0.0;0.0;0.0;0.0;0.0;0.0;0.0;0.0;0.0;0.0;0.0;0.0;0.0;0.0;0.0;0.0;0.0;0.0;0.224091
1079.5;0.0;0.0;0.0;0.0;0.0;0.0;0.0;0.0;0.0;0.0;0.0;0.0;0.0;0.0;0.0;0.0;0.0;0.0;0.0;0.0;0.0;0.0;0.0;0.0;0.223714
1080.0;0.0;0.0;0.0;0.0;0.0;0.0;0.0;0.0;0.0;0.0;0.0;0.0;0.0;0.0;0.0;0.0;0.0;0.0;0.0;0.0;0.0;0.0;0.0;0.0;0.223337
1080.5;0.0;0.0;0.0;0.0;0.0;0.0;0.0;0.0;0.0;0.0;0.0;0.0;0.0;0.0;0.0;0.0;0.0;0.0;0.0;0.0;0.0;0.0;0.0;0.0;0.222962
1081.0;0.0;0.0;0.0;0.0;0.0;0.0;0.0;0.0;0.0;0.0;0.0;0.0;0.0;0.0;0.0;0.0;0.0;0.0;0.0;0.0;0.0;0.0;0.0;0.0;0.222586
1081.5;0.0;0.0;0.0;0.0;0.0;0.0;0.0;0.0;0.0;0.0;0.0;0.0;0.0;0.0;0.0;0.0;0.0;0.0;0.0;0.0;0.0;0.0;0.0;0.0;0.222212
1082.0;0.0;0.0;0.0;0.0;0.0;0.0;0.0;0.0;0.0;0.0;0.0;0.0;0.0;0.0;0.0;0.0;0.0;0.0;0.0;0.0;0.0;0.0;0.0;0.0;0.221838
1082.5;0.0;0.0;0.0;0.0;0.0;0.0;0.0;0.0;0.0;0.0;0.0;0.0;0.0;0.0;0.0;0.0;0.0;0.0;0.0;0.0;0.0;0.0;0.0;0.0;0.221465
1083.0;0.0;0.0;0.0;0.0;0.0;0.0;0.0;0.0;0.0;0.0;0.0;0.0;0.0;0.0;0.0;0.0;0.0;0.0;0.0;0.0;0.0;0.0;0.0;0.0;0.221092
1083.5;0.0;0.0;0.0;0.0;0.0;0.0;0.0;0.0;0.0;0.0;0.0;0.0;0.0;0.0;0.0;0.0;0.0;0.0;0.0;0.0;0.0;0.0;0.0;0.0;0.22072
1084.0;0.0;0.0;0.0;0.0;0.0;0.0;0.0;0.0;0.0;0.0;0.0;0.0;0.0;0.0;0.0;0.0;0.0;0.0;0.0;0.0;0.0;0.0;0.0;0.0;0.220349
1084.5;0.0;0.0;0.0;0.0;0.0;0.0;0.0;0.0;0.0;0.0;0.0;0.0;0.0;0.0;0.0;0.0;0.0;0.0;0.0;0.0;0.0;0.0;0.0;0.0;0.219978
1085.0;0.0;0.0;0.0;0.0;0.0;0.0;0.0;0.0;0.0;0.0;0.0;0.0;0.0;0.0;0.0;0.0;0.0;0.0;0.0;0.0;0.0;0.0;0.0;0.0;0.219608
1085.5;0.0;0.0;0.0;0.0;0.0;0.0;0.0;0.0;0.0;0.0;0.0;0.0;0.0;0.0;0.0;0.0;0.0;0.0;0.0;0.0;0.0;0.0;0.0;0.0;0.219239
1086.0;0.0;0.0;0.0;0.0;0.0;0.0;0.0;0.0;0.0;0.0;0.0;0.0;0.0;0.0;0.0;0.0;0.0;0.0;0.0;0.0;0.0;0.0;0.0;0.0;0.21887
1086.5;0.0;0.0;0.0;0.0;0.0;0.0;0.0;0.0;0.0;0.0;0.0;0.0;0.0;0.0;0.0;0.0;0.0;0.0;0.0;0.0;0.0;0.0;0.0;0.0;0.218502
1087.0;0.0;0.0;0.0;0.0;0.0;0.0;0.0;0.0;0.0;0.0;0.0;0.0;0.0;0.0;0.0;0.0;0.0;0.0;0.0;0.0;0.0;0.0;0.0;0.0;0.218135
1087.5;0.0;0.0;0.0;0.0;0.0;0.0;0.0;0.0;0.0;0.0;0.0;0.0;0.0;0.0;0.0;0.0;0.0;0.0;0.0;0.0;0.0;0.0;0.0;0.0;0.217768
1088.0;0.0;0.0;0.0;0.0;0.0;0.0;0.0;0.0;0.0;0.0;0.0;0.0;0.0;0.0;0.0;0.0;0.0;0.0;0.0;0.0;0.0;0.0;0.0;0.0;0.217402
1088.5;0.0;0.0;0.0;0.0;0.0;0.0;0.0;0.0;0.0;0.0;0.0;0.0;0.0;0.0;0.0;0.0;0.0;0.0;0.0;0.0;0.0;0.0;0.0;0.0;0.217037
1089.0;0.0;0.0;0.0;0.0;0.0;0.0;0.0;0.0;0.0;0.0;0.0;0.0;0.0;0.0;0.0;0.0;0.0;0.0;0.0;0.0;0.0;0.0;0.0;0.0;0.216672
1089.5;0.0;0.0;0.0;0.0;0.0;0.0;0.0;0.0;0.0;0.0;0.0;0.0;0.0;0.0;0.0;0.0;0.0;0.0;0.0;0.0;0.0;0.0;0.0;0.0;0.216308
1090.0;0.0;0.0;0.0;0.0;0.0;0.0;0.0;0.0;0.0;0.0;0.0;0.0;0.0;0.0;0.0;0.0;0.0;0.0;0.0;0.0;0.0;0.0;0.0;0.0;0.215944
1090.5;0.0;0.0;0.0;0.0;0.0;0.0;0.0;0.0;0.0;0.0;0.0;0.0;0.0;0.0;0.0;0.0;0.0;0.0;0.0;0.0;0.0;0.0;0.0;0.0;0.215581
1091.0;0.0;0.0;0.0;0.0;0.0;0.0;0.0;0.0;0.0;0.0;0.0;0.0;0.0;0.0;0.0;0.0;0.0;0.0;0.0;0.0;0.0;0.0;0.0;0.0;0.215219
1091.5;0.0;0.0;0.0;0.0;0.0;0.0;0.0;0.0;0.0;0.0;0.0;0.0;0.0;0.0;0.0;0.0;0.0;0.0;0.0;0.0;0.0;0.0;0.0;0.0;0.214857
1092.0;0.0;0.0;0.0;0.0;0.0;0.0;0.0;0.0;0.0;0.0;0.0;0.0;0.0;0.0;0.0;0.0;0.0;0.0;0.0;0.0;0.0;0.0;0.0;0.0;0.214496
1092.5;0.0;0.0;0.0;0.0;0.0;0.0;0.0;0.0;0.0;0.0;0.0;0.0;0.0;0.0;0.0;0.0;0.0;0.0;0.0;0.0;0.0;0.0;0.0;0.0;0.214136
1093.0;0.0;0.0;0.0;0.0;0.0;0.0;0.0;0.0;0.0;0.0;0.0;0.0;0.0;0.0;0.0;0.0;0.0;0.0;0.0;0.0;0.0;0.0;0.0;0.0;0.213776
1093.5;0.0;0.0;0.0;0.0;0.0;0.0;0.0;0.0;0.0;0.0;0.0;0.0;0.0;0.0;0.0;0.0;0.0;0.0;0.0;0.0;0.0;0.0;0.0;0.0;0.213417
1094.0;0.0;0.0;0.0;0.0;0.0;0.0;0.0;0.0;0.0;0.0;0.0;0.0;0.0;0.0;0.0;0.0;0.0;0.0;0.0;0.0;0.0;0.0;0.0;0.0;0.213059
1094.5;0.0;0.0;0.0;0.0;0.0;0.0;0.0;0.0;0.0;0.0;0.0;0.0;0.0;0.0;0.0;0.0;0.0;0.0;0.0;0.0;0.0;0.0;0.0;0.0;0.212701
1095.0;0.0;0.0;0.0;0.0;0.0;0.0;0.0;0.0;0.0;0.0;0.0;0.0;0.0;0.0;0.0;0.0;0.0;0.0;0.0;0.0;0.0;0.0;0.0;0.0;0.212343
1095.5;0.0;0.0;0.0;0.0;0.0;0.0;0.0;0.0;0.0;0.0;0.0;0.0;0.0;0.0;0.0;0.0;0.0;0.0;0.0;0.0;0.0;0.0;0.0;0.0;0.211987
1096.0;0.0;0.0;0.0;0.0;0.0;0.0;0.0;0.0;0.0;0.0;0.0;0.0;0.0;0.0;0.0;0.0;0.0;0.0;0.0;0.0;0.0;0.0;0.0;0.0;0.211631
1096.5;0.0;0.0;0.0;0.0;0.0;0.0;0.0;0.0;0.0;0.0;0.0;0.0;0.0;0.0;0.0;0.0;0.0;0.0;0.0;0.0;0.0;0.0;0.0;0.0;0.211276
1097.0;0.0;0.0;0.0;0.0;0.0;0.0;0.0;0.0;0.0;0.0;0.0;0.0;0.0;0.0;0.0;0.0;0.0;0.0;0.0;0.0;0.0;0.0;0.0;0.0;0.210921
1097.5;0.0;0.0;0.0;0.0;0.0;0.0;0.0;0.0;0.0;0.0;0.0;0.0;0.0;0.0;0.0;0.0;0.0;0.0;0.0;0.0;0.0;0.0;0.0;0.0;0.210567
1098.0;0.0;0.0;0.0;0.0;0.0;0.0;0.0;0.0;0.0;0.0;0.0;0.0;0.0;0.0;0.0;0.0;0.0;0.0;0.0;0.0;0.0;0.0;0.0;0.0;0.210213
1098.5;0.0;0.0;0.0;0.0;0.0;0.0;0.0;0.0;0.0;0.0;0.0;0.0;0.0;0.0;0.0;0.0;0.0;0.0;0.0;0.0;0.0;0.0;0.0;0.0;0.20986
1099.0;0.0;0.0;0.0;0.0;0.0;0.0;0.0;0.0;0.0;0.0;0.0;0.0;0.0;0.0;0.0;0.0;0.0;0.0;0.0;0.0;0.0;0.0;0.0;0.0;0.209508
1099.5;0.0;0.0;0.0;0.0;0.0;0.0;0.0;0.0;0.0;0.0;0.0;0.0;0.0;0.0;0.0;0.0;0.0;0.0;0.0;0.0;0.0;0.0;0.0;0.0;0.209156
1100.0;0.0;0.0;0.0;0.0;0.0;0.0;0.0;0.0;0.0;0.0;0.0;0.0;0.0;0.0;0.0;0.0;0.0;0.0;0.0;0.0;0.0;0.0;0.0;0.0;0.208805
